Zscore	Pvalue	Cell	Tissue	File	SNPs	Number	Accession
-1.281	0	CD3	Blood	UW.CD3_Primary_Cells.ChromatinAccessibility.CB1_1-3-2011.DS17702.twopass.merge150.wgt10.zgt2.wig		1	GSM701525
0.152	0.268517928530193	CD3	Blood	UW.CD3_Primary_Cells.ChromatinAccessibility.CB6_1-4-2011.DS17706.twopass.merge150.wgt10.zgt2.wig	rs2277027,rs3820928	2	GSM701526
-1.289	4.82163733276643e-17	CD3	Blood	UW.CD3_Primary_Cells.ChromatinAccessibility.RO_01679.DS17198.twopass.merge150.wgt10.zgt2.wig		3	GSM665837
-1.081	0.0330743857533775	CD3	Blood	UW.CD3_Primary_Cells.ChromatinAccessibility.RO_01701.DS17534.twopass.merge150.wgt10.zgt2.wig	rs6903823	4	GSM701516
-0.317	0.144445354595203	CD4_Mobilised	Blood	UW.Mobilized_CD4_Primary_Cells.ChromatinAccessibility.RO_01679.DS16955.twopass.merge150.wgt10.zgt2.wig	rs2284746,rs6903823	5	GSM701489
-0.805	0.048148975330938	CD4_Mobilised	Blood	UW.Mobilized_CD4_Primary_Cells.ChromatinAccessibility.RO_01701.DS17175.twopass.merge150.wgt10.zgt2.wig	rs12447804	6	GSM701491
-0.914	0.0440615962294938	CD4	Blood	UW.CD4_Primary_Cells.ChromatinAccessibility.RO_01549.DS15947.twopass.merge150.wgt10.zgt2.wig	rs4129267	7	GSM665812
-0.707	0.0658488540638947	CD4	Blood	UW.CD4_Primary_Cells.ChromatinAccessibility.RO_01679.DS17212.twopass.merge150.wgt10.zgt2.wig	rs4129267	8	GSM665839
-0.401	0.126446492413461	CD4	Blood	UW.CD4_Primary_Cells.ChromatinAccessibility.RO_01689.DS17329.twopass.merge150.wgt10.zgt2.wig	rs2798641,rs6903823	9	GSM817166
-0.504	0.0926985697919603	CD4	Blood	UW.CD4_Primary_Cells.ChromatinAccessibility.RO_01701.DS17881.twopass.merge150.wgt10.zgt2.wig	rs4129267	10	GSM701539
-0.893	0.0426229530517327	CD8_Mobilised	Blood	UW.Mobilized_CD8_Primary_Cells.ChromatinAccessibility.RO_01679.DS16962.twopass.merge150.wgt10.zgt2.wig	rs2277027	11	GSM817160
-1.783	4.34295000022386e-11	CD8	Blood	UW.CD8_Primary_Cells.ChromatinAccessibility.RO_01549.DS16012.twopass.merge150.wgt10.zgt2.wig		12	GSM665813
-1.280	4.82163733276643e-17	CD8	Blood	UW.CD8_Primary_Cells.ChromatinAccessibility.RO_01679.DS17203.twopass.merge150.wgt10.zgt2.wig		13	GSM665838
-1.537	4.3429403569492e-11	CD8	Blood	UW.CD8_Primary_Cells.ChromatinAccessibility.RO_01689.DS17332.twopass.merge150.wgt10.zgt2.wig		14	GSM701499
-1.346	4.82163733276643e-17	CD8	Blood	UW.CD8_Primary_Cells.ChromatinAccessibility.RO_01701.DS17885.twopass.merge150.wgt10.zgt2.wig		15	GSM701540
-0.479	0.0970901101944322	CD14	Blood	UW.CD14_Primary_Cells.ChromatinAccessibility.RO_01689.DS17391.twopass.merge150.wgt10.zgt2.wig	rs4129267	16	GSM701503
0.350	0.329245891641332	CD14	Blood	UW.CD14_Primary_Cells.ChromatinAccessibility.RO_01701.DS17889.twopass.merge150.wgt10.zgt2.wig	rs4129267,rs6903823	17	GSM701541
-0.176	0.177260716625903	CD19	Blood	UW.CD19_Primary_Cells.ChromatinAccessibility.RO_01679.DS17186.twopass.merge150.wgt10.zgt2.wig	rs2838815,rs3820928	18	GSM701492
-0.741	0.0526304543247011	CD19	Blood	UW.CD19_Primary_Cells.ChromatinAccessibility.RO_01689.DS17281.twopass.merge150.wgt10.zgt2.wig	rs2277027	19	GSM701493
0.627	0.434686504101856	CD19	Blood	UW.CD19_Primary_Cells.ChromatinAccessibility.RO_01701.DS17440.twopass.merge150.wgt10.zgt2.wig	rs2277027,rs2838815,rs3820928	20	GSM701507
2.529	1.4075030213023	CD20	Blood	UW.CD20_Primary_Cells.ChromatinAccessibility.RO_01778.DS17371.twopass.merge150.wgt10.zgt2.wig	rs10516526,rs12477314,rs2284746,rs2798641,rs3820928,rs4129267,rs7068966	21	GSM701500
-0.748	0.0688868649874132	CD34_Mobilised	Blood	UW.Mobilized_CD34_Primary_Cells.ChromatinAccessibility.RO_00738.DS13199.twopass.merge150.wgt10.zgt2.wig	rs6903823	22	GSM530664
-0.687	0.0681145761486812	CD34_Mobilised	Blood	UW.Mobilized_CD34_Primary_Cells.ChromatinAccessibility.RO_01480.DS12771.twopass.merge150.wgt10.zgt2.wig	rs2284746	23	GSM530658
0.179	0.273492884273828	CD34_Mobilised	Blood	UW.Mobilized_CD34_Primary_Cells.ChromatinAccessibility.RO_01492.DS12774.twopass.merge150.wgt10.zgt2.wig	rs2284746,rs6903823	24	GSM530659
0.029	0.230007018802885	CD34_Mobilised	Blood	UW.Mobilized_CD34_Primary_Cells.ChromatinAccessibility.RO_01492.DS14206.twopass.merge150.wgt10.zgt2.wig	rs2284746,rs6903823	25	GSM595919
-0.786	0.0595135794960798	CD34_Mobilised	Blood	UW.Mobilized_CD34_Primary_Cells.ChromatinAccessibility.RO_01508.DS11202.twopass.merge150.wgt10.zgt2.wig	rs6903823	26	GSM493386
-0.583	0.0754267069287244	CD34_Mobilised	Blood	UW.Mobilized_CD34_Primary_Cells.ChromatinAccessibility.RO_01517.DS14129.twopass.merge150.wgt10.zgt2.wig	rs4129267	27	GSM595917
-0.683	0.062948927463093	CD34_Mobilised	Blood	UW.Mobilized_CD34_Primary_Cells.ChromatinAccessibility.RO_01520.DS12785.twopass.merge150.wgt10.zgt2.wig	rs2284746	28	GSM530660
-1.354	4.34294517858653e-11	CD34_Mobilised	Blood	UW.Mobilized_CD34_Primary_Cells.ChromatinAccessibility.RO_01527.DS11666.twopass.merge150.wgt10.zgt2.wig		29	GSM493387
-0.687	0.0681145761486812	CD34_Mobilised	Blood	UW.Mobilized_CD34_Primary_Cells.ChromatinAccessibility.RO_01535.DS12274.twopass.merge150.wgt10.zgt2.wig	rs2284746	30	GSM493384
-1.565	4.34294517858653e-11	CD34_Mobilised	Blood	UW.Mobilized_CD34_Primary_Cells.ChromatinAccessibility.RO_01535.DS14197.twopass.merge150.wgt10.zgt2.wig		31	GSM595918
0.066	0.238502269147721	CD34_Mobilised	Blood	UW.Mobilized_CD34_Primary_Cells.ChromatinAccessibility.RO_01536.DS12339.twopass.merge150.wgt10.zgt2.wig	rs12716852,rs4129267	32	GSM530652
-0.885	0.040778207248812	CD34_Mobilised	Blood	UW.Mobilized_CD34_Primary_Cells.ChromatinAccessibility.RO_01549.DS12734.twopass.merge150.wgt10.zgt2.wig	rs2284746	33	GSM530657
-1.507	8.68588071433269e-11	CD34_Mobilised	Blood	UW.Mobilized_CD34_Primary_Cells.ChromatinAccessibility.RO_01562.DS13196.twopass.merge150.wgt10.zgt2.wig		34	GSM530663
-1.673	0	CD34_Mobilised	Blood	UW.Mobilized_CD34_Primary_Cells.ChromatinAccessibility.RO_01701.DS17112.twopass.merge150.wgt10.zgt2.wig		35	GSM774208
-1.074	0.0361186289476184	CD56_Mobilised	Blood	UW.Mobilized_CD56_Primary_Cells.ChromatinAccessibility.RO_01689.DS16376.twopass.merge150.wgt10.zgt2.wig	rs12716852	36	GSM665820
-1.213	4.82163733276643e-17	CD56	Blood	UW.CD56_Primary_Cells.ChromatinAccessibility.RO_01679.DS17189.twopass.merge150.wgt10.zgt2.wig		37	GSM665836
-1.421	8.68589517924469e-11	CD56	Blood	UW.CD56_Primary_Cells.ChromatinAccessibility.RO_01701.DS17443.twopass.merge150.wgt10.zgt2.wig		38	GSM701508
2.849	1.77066472062816	Breast_vHMEC	Breast	UW.Breast_vHMEC.ChromatinAccessibility.RM035.DS18406.twopass.merge150.wgt10.zgt2.wig	rs10516526,rs2798641,rs4129267,rs6903823,rs993925,rs9978142	39	GSM753973
3.022	1.69816415683875	Breast_vHMEC	Breast	UW.Breast_vHMEC.ChromatinAccessibility.RM035.DS18438.twopass.merge150.wgt10.zgt2.wig	rs1036429,rs10516526,rs3817928,rs4129267,rs6903823,rs9978142	40	GSM753974
-0.060	0.218304519691444	H1	ES Cell	UW.H1.ChromatinAccessibility.DS18873.twopass.merge150.wgt10.zgt2.wig	rs10516526,rs11172113,rs2284746	41	GSM878616
-0.554	0.0855195895342354	H1	ES Cell	UW.H1.ChromatinAccessibility.DS19100.twopass.merge150.wgt10.zgt2.wig	rs2284746	42	GSM878621
-0.355	0.141862901632741	H9	ES Cell	UW.H9.ChromatinAccessibility.DS18517.twopass.merge150.wgt10.zgt2.wig	rs10516526,rs11172113,rs2284746	43	GSM878612
1.129	0.624978390267148	H9	ES Cell	UW.H9.ChromatinAccessibility.DS18522.twopass.merge150.wgt10.zgt2.wig	rs10516526,rs11172113,rs2284746,rs4129267	44	GSM878613
3.501	2.22715511495038	Mesenchymal_Stem_Cells	ES Cell	UW.H1_Derived_Mesenchymal_Stem_Cells.ChromatinAccessibility.DS20671.twopass.merge150.wgt10.zgt2.wig	rs11172113,rs2284746,rs2798641,rs4129267,rs7068966,rs730532,rs993925	45	GSM906380
2.040	1.25314445990861	Mesenchymal_Stem_Cells	ES Cell	UW.H1_Derived_Mesenchymal_Stem_Cells.ChromatinAccessibility.DS21042.twopass.merge150.wgt10.zgt2.wig	rs2284746,rs2798641,rs4129267,rs7068966,rs730532,rs993925	46	GSM906381
-0.417	0.133354591784087	Mesendoderm_Cultured_Cells	ES Cell	UW.H1_BMP4_Derived_Mesendoderm_Cultured_Cells.ChromatinAccessibility.DS18732.twopass.merge150.wgt10.zgt2.wig	rs11172113,rs4129267	47	GSM817198
0.906	0.613141175571616	Mesendoderm_Cultured_Cells	ES Cell	UW.H1_BMP4_Derived_Mesendoderm_Cultured_Cells.ChromatinAccessibility.DS19310.twopass.merge150.wgt10.zgt2.wig	rs11172113,rs1551943,rs2284746,rs4129267	48	GSM817215
0.474	0.394423850577974	Neuronal_Progenitor_Cultured_Cells	ES Cell	UW.H1_Derived_Neuronal_Progenitor_Cultured_Cells.ChromatinAccessibility.DS18739.twopass.merge150.wgt10.zgt2.wig	rs11172113,rs12716852,rs2284746	49	GSM878615
-0.384	0.131014146090929	Neuronal_Progenitor_Cultured_Cells	ES Cell	UW.H1_Derived_Neuronal_Progenitor_Cultured_Cells.ChromatinAccessibility.DS20153.twopass.merge150.wgt10.zgt2.wig	rs11172113,rs2284746	50	GSM906379
2.450	1.60430946782765	Trophoblast_Cultured_Cells	ES Cell	UW.H1_BMP4_Derived_Trophoblast_Cultured_Cells.ChromatinAccessibility.DS18736.twopass.merge150.wgt10.zgt2.wig	rs10516526,rs11172113,rs1344555,rs1551943,rs1928168,rs3734729	51	GSM878614
2.569	1.6292721644499	Trophoblast_Cultured_Cells	ES Cell	UW.H1_BMP4_Derived_Trophoblast_Cultured_Cells.ChromatinAccessibility.DS19317.twopass.merge150.wgt10.zgt2.wig	rs10516526,rs11172113,rs1529672,rs1551943,rs2284746,rs3734729	52	GSM878628
2.266	1.23464121286824	Fetal_Adrenal_Gland	Fetal Adrenal	UW.Fetal_Adrenal_Gland.ChromatinAccessibility.H-22662.DS12528.twopass.merge150.wgt10.zgt2.wig	rs10516526,rs11001819,rs2284746,rs2798641,rs3817928,rs6903823	53	GSM530653
1.447	0.808527216860176	Fetal_Adrenal_Gland	Fetal Adrenal	UW.Fetal_Adrenal_Gland.ChromatinAccessibility.H-23769.DS17319.twopass.merge150.wgt10.zgt2.wig	rs11001819,rs2798641,rs2838815,rs6903823	54	GSM817165
0.079	0.254899576192343	Fetal_Adrenal_Gland	Fetal Adrenal	UW.Fetal_Adrenal_Gland.ChromatinAccessibility.H-24409.DS20343.twopass.merge150.wgt10.zgt2.wig	rs11001819,rs2798641,rs3817928	55	GSM878658
0.000	0.221843887716846	Fetal_Brain	Fetal Brain	UW.Fetal_Brain.ChromatinAccessibility.H-22510.DS11872.twopass.merge150.wgt10.zgt2.wig	rs2284746,rs2798641	56	GSM530651
-0.802	0.0550333064681421	Fetal_Brain	Fetal Brain	UW.Fetal_Brain.ChromatinAccessibility.H-22510.DS11877.twopass.merge150.wgt10.zgt2.wig	rs2798641	57	GSM595913
0.608	0.441264620648089	Fetal_Brain	Fetal Brain	UW.Fetal_Brain.ChromatinAccessibility.H-22911.DS14464.twopass.merge150.wgt10.zgt2.wig	rs2284746,rs2798641,rs4129267	58	GSM595920
-0.039	0.223194419155651	Fetal_Brain	Fetal Brain	UW.Fetal_Brain.ChromatinAccessibility.H-23266.DS14717.twopass.merge150.wgt10.zgt2.wig	rs11001819,rs2798641,rs9978142	59	GSM595922
-0.590	0.0960624045014324	Fetal_Brain	Fetal Brain	UW.Fetal_Brain.ChromatinAccessibility.H-23266.DS14718.twopass.merge150.wgt10.zgt2.wig	rs11001819,rs4129267	60	GSM595923
0.500	0.380006872048144	Fetal_Brain	Fetal Brain	UW.Fetal_Brain.ChromatinAccessibility.H-23284.DS14803.twopass.merge150.wgt10.zgt2.wig	rs2284746,rs2798641,rs4129267	61	GSM595926
0.529	0.41558951405716	Fetal_Brain	Fetal Brain	UW.Fetal_Brain.ChromatinAccessibility.H-23284.DS14815.twopass.merge150.wgt10.zgt2.wig	rs2284746,rs2798641,rs4129267	62	GSM595928
0.991	0.619832632571153	Fetal_Brain	Fetal Brain	UW.Fetal_Brain.ChromatinAccessibility.H-23399.DS15453.twopass.merge150.wgt10.zgt2.wig	rs11001819,rs1529672,rs2798641,rs4129267,rs9978142	63	GSM665804
-0.190	0.184135057602112	Fetal_Brain	Fetal Brain	UW.Fetal_Brain.ChromatinAccessibility.H-23548.DS16302.twopass.merge150.wgt10.zgt2.wig	rs11001819,rs1928168,rs2798641	64	GSM665819
-0.635	0.0918931595075951	Fetal_Brain	Fetal Brain	UW.Fetal_Brain.ChromatinAccessibility.H-24279.DS20221.twopass.merge150.wgt10.zgt2.wig	rs2284746,rs2798641	65	GSM878650
0.494	0.391500381102052	Fetal_Brain	Fetal Brain	UW.Fetal_Brain.ChromatinAccessibility.H-24297.DS20226.twopass.merge150.wgt10.zgt2.wig	rs1928168,rs2284746,rs2798641	66	GSM878651
-0.961	0.0369238822671872	Fetal_Brain	Fetal Brain	UW.Fetal_Brain.ChromatinAccessibility.H-24381.DS20231.twopass.merge150.wgt10.zgt2.wig	rs2798641	67	GSM878652
2.435	1.44159673180158	Fetal_Heart	Fetal Heart	UW.Fetal_Heart.ChromatinAccessibility.H-22662.DS12531.twopass.merge150.wgt10.zgt2.wig	rs11172113,rs2284746,rs2798641,rs6903823,rs7068966,rs730532	68	GSM530654
1.347	0.875954817195593	Fetal_Heart	Fetal Heart	UW.Fetal_Heart.ChromatinAccessibility.H-22727.DS12810.twopass.merge150.wgt10.zgt2.wig	rs11172113,rs1529672,rs2284746,rs2798641,rs7068966,rs730532	69	GSM530661
1.652	1.04907032505626	Fetal_Heart	Fetal Heart	UW.Fetal_Heart.ChromatinAccessibility.H-23468.DS15839.twopass.merge150.wgt10.zgt2.wig	rs10516526,rs11172113,rs2284746,rs2798641,rs2838815,rs7068966,rs730532	70	GSM665811
0.885	0.586663936118296	Fetal_Heart	Fetal Heart	UW.Fetal_Heart.ChromatinAccessibility.H-23500.DS16018.twopass.merge150.wgt10.zgt2.wig	rs2284746,rs2798641,rs6903823,rs7068966,rs730532	71	GSM665814
0.654	0.48910727255434	Fetal_Heart	Fetal Heart	UW.Fetal_Heart.ChromatinAccessibility.H-23524.DS16146.twopass.merge150.wgt10.zgt2.wig	rs11001819,rs2284746,rs2798641,rs7068966,rs730532	72	GSM665817
1.385	0.876628580903121	Fetal_Heart	Fetal Heart	UW.Fetal_Heart.ChromatinAccessibility.H-23589.DS16500.twopass.merge150.wgt10.zgt2.wig	rs11001819,rs11172113,rs1529672,rs2284746,rs2798641,rs7068966,rs730532	73	GSM665824
1.512	0.897569126847282	Fetal_Heart	Fetal Heart	UW.Fetal_Heart.ChromatinAccessibility.H-23604.DS16582.twopass.merge150.wgt10.zgt2.wig	rs11172113,rs2284746,rs2798641,rs4129267,rs7068966,rs730532	74	GSM665830
1.743	1.0959773179511	Fetal_Heart	Fetal Heart	UW.Fetal_Heart.ChromatinAccessibility.H-23617.DS16621.twopass.merge150.wgt10.zgt2.wig	rs11001819,rs11172113,rs1529672,rs2284746,rs2798641,rs7068966,rs730532	75	GSM665831
1.404	0.88454067108087	Fetal_Heart	Fetal Heart	UW.Fetal_Heart.ChromatinAccessibility.H-23663.DS16819.twopass.merge150.wgt10.zgt2.wig	rs11172113,rs2284746,rs2798641,rs4129267,rs7068966,rs730532	76	GSM774203
1.763	1.17033456031464	Fetal_Heart	Fetal Heart	UW.Fetal_Heart.ChromatinAccessibility.H-23744.DS19431.twopass.merge150.wgt10.zgt2.wig	rs11001819,rs1529672,rs2284746,rs2798641,rs4129267,rs7068966,rs730532	77	GSM817220
1.300	0.875954817195593	Fetal_Heart	Fetal Heart	UW.Fetal_Heart.ChromatinAccessibility.H-24042.DS19427.twopass.merge150.wgt10.zgt2.wig	rs11001819,rs2284746,rs2798641,rs4129267,rs7068966,rs730532	78	GSM878630
3.176	1.72014440464645	Fetal_Intestine_Large	Fetal Intestine, Large	UW.Fetal_Intestine_Large.ChromatinAccessibility.H-23500.DS16027.twopass.merge150.wgt10.zgt2.wig	rs12477314,rs1928168,rs2284746,rs2798641,rs3820928,rs4129267,rs730532	79	GSM665815
0.563	0.419643881469772	Fetal_Intestine_Large	Fetal Intestine, Large	UW.Fetal_Intestine_Large.ChromatinAccessibility.H-23524.DS16164.twopass.merge150.wgt10.zgt2.wig	rs10516526,rs12477314,rs2284746,rs4129267	80	GSM665818
1.823	1.00915433385242	Fetal_Intestine_Large	Fetal Intestine, Large	UW.Fetal_Intestine_Large.ChromatinAccessibility.H-23604.DS16563.twopass.merge150.wgt10.zgt2.wig	rs10516526,rs11172113,rs1928168,rs2284746,rs2798641,rs4129267	81	GSM665826
0.355	0.342885415942379	Fetal_Intestine_Large	Fetal Intestine, Large	UW.Fetal_Intestine_Large.ChromatinAccessibility.H-23744.DS17094.twopass.merge150.wgt10.zgt2.wig	rs2284746,rs2798641,rs4129267,rs7068966	82	GSM817162
1.950	1.073605895986	Fetal_Intestine_Large	Fetal Intestine, Large	UW.Fetal_Intestine_Large.ChromatinAccessibility.H-23758.DS17157.twopass.merge150.wgt10.zgt2.wig	rs10516526,rs2284746,rs2798641,rs4129267,rs7068966	83	GSM701490
-0.676	0.0894786641403513	Fetal_Intestine_Large	Fetal Intestine, Large	UW.Fetal_Intestine_Large.ChromatinAccessibility.H-23769.DS17313.twopass.merge150.wgt10.zgt2.wig	rs4129267,rs7068966	84	GSM701495
2.569	1.36401265711413	Fetal_Intestine_Large	Fetal Intestine, Large	UW.Fetal_Intestine_Large.ChromatinAccessibility.H-23808.DS17422.twopass.merge150.wgt10.zgt2.wig	rs10516526,rs2284746,rs2798641,rs3820928,rs4129267,rs7068966	85	GSM774213
-0.867	0.0632170600939122	Fetal_Intestine_Large	Fetal Intestine, Large	UW.Fetal_Intestine_Large.ChromatinAccessibility.H-23833.DS17462.twopass.merge150.wgt10.zgt2.wig	rs2284746,rs4129267	86	GSM774214
-1.276	0	Fetal_Intestine_Large	Fetal Intestine, Large	UW.Fetal_Intestine_Large.ChromatinAccessibility.H-23855.DS17502.twopass.merge150.wgt10.zgt2.wig		87	GSM701514
0.664	0.470545164383329	Fetal_Intestine_Large	Fetal Intestine, Large	UW.Fetal_Intestine_Large.ChromatinAccessibility.H-23887.DS17647.twopass.merge150.wgt10.zgt2.wig	rs1928168,rs2284746,rs3820928,rs3867498,rs4129267	88	GSM774217
0.082	0.254899576192343	Fetal_Intestine_Large	Fetal Intestine, Large	UW.Fetal_Intestine_Large.ChromatinAccessibility.H-23914.DS17748.twopass.merge150.wgt10.zgt2.wig	rs2284746,rs2798641,rs4129267	89	GSM774220
-0.348	0.147035252167075	Fetal_Intestine_Large	Fetal Intestine, Large	UW.Fetal_Intestine_Large.ChromatinAccessibility.H-23941.DS17785.twopass.merge150.wgt10.zgt2.wig	rs2284746,rs4129267	90	GSM701531
1.308	0.813482196017787	Fetal_Intestine_Large	Fetal Intestine, Large	UW.Fetal_Intestine_Large.ChromatinAccessibility.H-23964.DS17841.twopass.merge150.wgt10.zgt2.wig	rs11172113,rs12477314,rs1928168,rs2284746,rs2798641,rs3734729,rs4129267	91	GSM774228
2.067	1.21643665225775	Fetal_Intestine_Large	Fetal Intestine, Large	UW.Fetal_Intestine_Large.ChromatinAccessibility.H-24005.DS17990.twopass.merge150.wgt10.zgt2.wig	rs11001819,rs12447804,rs2284746,rs2798641,rs3820928,rs4129267	92	GSM774233
1.617	0.880247048237304	Fetal_Intestine_Large	Fetal Intestine, Large	UW.Fetal_Intestine_Large.ChromatinAccessibility.H-24111.DS18499.twopass.merge150.wgt10.zgt2.wig	rs10516526,rs2284746,rs2798641,rs3820928,rs4129267,rs730532	93	GSM817188
0.224	0.30398294789123	Fetal_Intestine_Small	Fetal Intestine, Small	UW.Fetal_Intestine_Small.ChromatinAccessibility.H-23604.DS16559.twopass.merge150.wgt10.zgt2.wig	rs2284746,rs2798641,rs4129267,rs7068966	94	GSM665825
1.881	1.06755356122013	Fetal_Intestine_Small	Fetal Intestine, Small	UW.Fetal_Intestine_Small.ChromatinAccessibility.H-23640.DS16712.twopass.merge150.wgt10.zgt2.wig	rs10516526,rs2284746,rs2869967,rs4129267,rs7068966	95	GSM701487
3.083	1.88649325954876	Fetal_Intestine_Small	Fetal Intestine, Small	UW.Fetal_Intestine_Small.ChromatinAccessibility.H-23663.DS16822.twopass.merge150.wgt10.zgt2.wig	rs10516526,rs11001819,rs1928168,rs2284746,rs2798641,rs3820928,rs4129267,rs7068966	96	GSM665835
2.095	1.09680304479412	Fetal_Intestine_Small	Fetal Intestine, Small	UW.Fetal_Intestine_Small.ChromatinAccessibility.H-23724.DS16975.twopass.merge150.wgt10.zgt2.wig	rs1928168,rs2284746,rs2798641,rs3734729,rs4129267,rs7068966	97	GSM817161
0.028	0.240292918085525	Fetal_Intestine_Small	Fetal Intestine, Small	UW.Fetal_Intestine_Small.ChromatinAccessibility.H-23744.DS17092.twopass.merge150.wgt10.zgt2.wig	rs2284746,rs2798641,rs4129267	98	GSM774205
1.905	1.11311038430653	Fetal_Intestine_Small	Fetal Intestine, Small	UW.Fetal_Intestine_Small.ChromatinAccessibility.H-23758.DS17150.twopass.merge150.wgt10.zgt2.wig	rs10516526,rs1541374,rs2284746,rs2798641,rs3734729,rs4129267	99	GSM774210
0.081	0.254899576192343	Fetal_Intestine_Small	Fetal Intestine, Small	UW.Fetal_Intestine_Small.ChromatinAccessibility.H-23769.DS17317.twopass.merge150.wgt10.zgt2.wig	rs10516526,rs2284746,rs4129267	100	GSM701496
-1.916	1.30288307154251e-10	Fetal_Intestine_Small	Fetal Intestine, Small	UW.Fetal_Intestine_Small.ChromatinAccessibility.H-23808.DS17425.twopass.merge150.wgt10.zgt2.wig		101	GSM701504
-0.048	0.221555103850591	Fetal_Intestine_Small	Fetal Intestine, Small	UW.Fetal_Intestine_Small.ChromatinAccessibility.H-23864.DS17844.twopass.merge150.wgt10.zgt2.wig	rs2284746,rs2798641,rs4129267	102	GSM774229
3.035	1.76873008565205	Fetal_Intestine_Small	Fetal Intestine, Small	UW.Fetal_Intestine_Small.ChromatinAccessibility.H-23887.DS17643.twopass.merge150.wgt10.zgt2.wig	rs10516526,rs1551943,rs2284746,rs2798641,rs3820928,rs4129267,rs6903823,rs7068966	103	GSM774216
1.382	0.776780394306555	Fetal_Intestine_Small	Fetal Intestine, Small	UW.Fetal_Intestine_Small.ChromatinAccessibility.H-23914.DS17763.twopass.merge150.wgt10.zgt2.wig	rs10516526,rs12899618,rs2284746,rs2798641,rs4129267	104	GSM701530
0.997	0.626690062563436	Fetal_Intestine_Small	Fetal Intestine, Small	UW.Fetal_Intestine_Small.ChromatinAccessibility.H-23941.DS17808.twopass.merge150.wgt10.zgt2.wig	rs2284746,rs2798641,rs3820928,rs4129267,rs7068966	105	GSM774225
2.676	1.5726013753226	Fetal_Intestine_Small	Fetal Intestine, Small	UW.Fetal_Intestine_Small.ChromatinAccessibility.H-24111.DS18495.twopass.merge150.wgt10.zgt2.wig	rs1551943,rs1928168,rs2284746,rs2798641,rs3820928,rs4129267,rs7068966	106	GSM817187
0.442	0.394000245062234	Fetal_Kidney_Left	Fetal Kidney	UW.Fetal_Kidney_Left.ChromatinAccessibility.H-23589.DS16446.twopass.merge150.wgt10.zgt2.wig	rs12477314,rs2284746,rs2798641,rs730532	107	GSM665822
2.163	1.28630667109334	Fetal_Kidney_Left	Fetal Kidney	UW.Fetal_Kidney_Left.ChromatinAccessibility.H-23604.DS16579.twopass.merge150.wgt10.zgt2.wig	rs11172113,rs12477314,rs2284746,rs2798641,rs3734729,rs3820928,rs730532,rs993925	108	GSM665829
1.989	1.09680304479412	Fetal_Kidney_Left	Fetal Kidney	UW.Fetal_Kidney_Left.ChromatinAccessibility.H-23640.DS16805.twopass.merge150.wgt10.zgt2.wig	rs11172113,rs12477314,rs2284746,rs2798641,rs3734729,rs4129267	109	GSM665834
1.715	1.03921601028174	Fetal_Kidney_Left	Fetal Kidney	UW.Fetal_Kidney_Left.ChromatinAccessibility.H-23758.DS17140.twopass.merge150.wgt10.zgt2.wig	rs11172113,rs12477314,rs1928168,rs2284746,rs2798641,rs3734729	110	GSM774209
-0.442	0.130623454239724	Fetal_Kidney_Left	Fetal Kidney	UW.Fetal_Kidney_Left.ChromatinAccessibility.H-24089.DS18466.twopass.merge150.wgt10.zgt2.wig	rs12477314,rs2284746,rs2798641	111	GSM817181
0.501	0.423467683082617	Fetal_Kidney_Right	Fetal Kidney	UW.Fetal_Kidney_Right.ChromatinAccessibility.H-23435.DS15651.twopass.merge150.wgt10.zgt2.wig	rs11001819,rs12477314,rs2284746,rs2798641,rs3734729	112	GSM665810
2.774	1.88961267094409	Fetal_Kidney_Right	Fetal Kidney	UW.Fetal_Kidney_Right.ChromatinAccessibility.H-23589.DS16441.twopass.merge150.wgt10.zgt2.wig	rs11172113,rs12477314,rs1529672,rs2284746,rs2798641,rs3734729,rs3820928,rs7068966,rs730532	113	GSM665821
2.172	1.33833894092652	Fetal_Kidney_Right	Fetal Kidney	UW.Fetal_Kidney_Right.ChromatinAccessibility.H-23640.DS16801.twopass.merge150.wgt10.zgt2.wig	rs10516526,rs12477314,rs1529672,rs2284746,rs2798641,rs3734729,rs3820928,rs730532	114	GSM665833
1.754	0.961027307030951	Fetal_Kidney_Right	Fetal Kidney	UW.Fetal_Kidney_Right.ChromatinAccessibility.H-23758.DS17144.twopass.merge150.wgt10.zgt2.wig	rs12477314,rs1551943,rs2284746,rs2798641,rs3734729,rs9310995	115	GSM817163
1.875	1.08169298252294	Fetal_Kidney_Right	Fetal Kidney	UW.Fetal_Kidney_Right.ChromatinAccessibility.H-24089.DS18463.twopass.merge150.wgt10.zgt2.wig	rs12477314,rs1541374,rs2284746,rs2798641,rs3734729,rs4129267,rs730532	116	GSM817180
2.154	1.25314445990861	Fetal_Kidney	Fetal Kidney	UW.Fetal_Kidney.ChromatinAccessibility.H-22337.DS10986.twopass.merge150.wgt10.zgt2.wig	rs11172113,rs1928168,rs2284746,rs2798641,rs4129267,rs730532	117	GSM493385
0.872	0.526619530101858	Fetal_Kidney	Fetal Kidney	UW.Fetal_Kidney.ChromatinAccessibility.H-22676.DS12635.twopass.merge150.wgt10.zgt2.wig	rs12477314,rs2284746,rs2798641,rs3820928	118	GSM530655
2.504	1.48381582607933	Fetal_Kidney	Fetal Kidney	UW.Fetal_Kidney.ChromatinAccessibility.H-23524.DS16139.twopass.merge150.wgt10.zgt2.wig	rs10516526,rs12477314,rs12899618,rs2284746,rs2798641,rs3820928,rs730532,rs9310995	119	GSM665816
0.974	0.561400820577633	Fetal_Kidney	Fetal Kidney	UW.Fetal_Kidney.ChromatinAccessibility.H-23663.DS16837.twopass.merge150.wgt10.zgt2.wig	rs12477314,rs2284746,rs2798641,rs3820928,rs7068966	120	GSM817159
3.091	2.00758961970201	Fetal_Kidney	Fetal Kidney	UW.Fetal_Kidney.ChromatinAccessibility.H-23855.DS17522.twopass.merge150.wgt10.zgt2.wig	rs10516526,rs12477314,rs1541374,rs2284746,rs2798641,rs3820928,rs6903823,rs7068966,rs730532,rs9310995	121	GSM701515
2.698	1.61533791274368	Fetal_Kidney	Fetal Kidney	UW.Fetal_Kidney.ChromatinAccessibility.H-23914.DS17753.twopass.merge150.wgt10.zgt2.wig	rs12447804,rs12477314,rs1529672,rs2284746,rs2798641,rs3734729,rs3820928	122	GSM774221
3.104	2.07993135023272	Fetal_Kidney	Fetal Kidney	UW.Fetal_Kidney.ChromatinAccessibility.H-24507.DS20564.twopass.merge150.wgt10.zgt2.wig	rs12477314,rs1541374,rs1928168,rs2284746,rs2798641,rs3734729,rs4129267,rs730532	123	GSM878666
4.283	3.32084912259353	Fetal_Lung_Left	Fetal Lung	UW.Fetal_Lung_Left.ChromatinAccessibility.H-23435.DS15637.twopass.merge150.wgt10.zgt2.wig	rs10516526,rs12477314,rs1541374,rs1928168,rs2284746,rs2798641,rs4129267,rs7068966,rs730532,rs993925,rs9978142	124	GSM665808
4.286	3.19568988325338	Fetal_Lung_Left	Fetal Lung	UW.Fetal_Lung_Left.ChromatinAccessibility.H-23604.DS16570.twopass.merge150.wgt10.zgt2.wig	rs11172113,rs12477314,rs12899618,rs1541374,rs1928168,rs2284746,rs2798641,rs4129267,rs7068966,rs730532,rs993925	125	GSM665828
4.511	3.24715095958462	Fetal_Lung_Left	Fetal Lung	UW.Fetal_Lung_Left.ChromatinAccessibility.H-23640.DS18170.twopass.merge150.wgt10.zgt2.wig	rs10516526,rs12477314,rs12899618,rs1928168,rs2284746,rs2571445,rs2798641,rs4129267,rs7068966,rs730532,rs993925	126	GSM774237
2.594	1.74054630762287	Fetal_Lung_Left	Fetal Lung	UW.Fetal_Lung_Left.ChromatinAccessibility.H-23744.DS17105.twopass.merge150.wgt10.zgt2.wig	rs10516526,rs12477314,rs1928168,rs2284746,rs2798641,rs7068966,rs730532,rs993925	127	GSM774207
3.333	2.62894638651714	Fetal_Lung_Left	Fetal Lung	UW.Fetal_Lung_Left.ChromatinAccessibility.H-23758.DS17154.twopass.merge150.wgt10.zgt2.wig	rs11001819,rs11172113,rs12477314,rs1541374,rs1928168,rs2284746,rs2798641,rs4129267,rs7068966,rs993925,rs9978142	128	GSM774211
3.994	2.63763276806233	Fetal_Lung_Left	Fetal Lung	UW.Fetal_Lung_Left.ChromatinAccessibility.H-23833.DS17464.twopass.merge150.wgt10.zgt2.wig	rs11172113,rs12477314,rs1541374,rs1928168,rs2284746,rs2798641,rs4129267,rs7068966,rs730532,rs993925	129	GSM701512
4.049	2.67448807207804	Fetal_Lung_Left	Fetal Lung	UW.Fetal_Lung_Left.ChromatinAccessibility.H-23887.DS17674.twopass.merge150.wgt10.zgt2.wig	rs11001819,rs12477314,rs1928168,rs2284746,rs2798641,rs4129267,rs7068966,rs993925	130	GSM701524
3.345	2.10476270956524	Fetal_Lung_Left	Fetal Lung	UW.Fetal_Lung_Left.ChromatinAccessibility.H-23914.DS17739.twopass.merge150.wgt10.zgt2.wig	rs12477314,rs1928168,rs2284746,rs2798641,rs7068966,rs993925,rs9978142	131	GSM701527
3.380	2.001566830324	Fetal_Lung_Left	Fetal Lung	UW.Fetal_Lung_Left.ChromatinAccessibility.H-23964.DS17835.twopass.merge150.wgt10.zgt2.wig	rs12477314,rs1928168,rs2284746,rs4129267,rs7068966,rs993925	132	GSM701534
2.503	1.62612518160438	Fetal_Lung_Left	Fetal Lung	UW.Fetal_Lung_Left.ChromatinAccessibility.H-24005.DS17959.twopass.merge150.wgt10.zgt2.wig	rs11172113,rs12477314,rs1928168,rs2284746,rs2798641,rs7068966,rs730532,rs993925	133	GSM817168
3.611	2.44759658959459	Fetal_Lung_Left	Fetal Lung	UW.Fetal_Lung_Left.ChromatinAccessibility.H-24089.DS18421.twopass.merge150.wgt10.zgt2.wig	rs10516526,rs11172113,rs12477314,rs1928168,rs2284746,rs2798641,rs4129267,rs7068966,rs730532,rs993925	134	GSM817175
4.128	3.72327517116254	Fetal_Lung_Left	Fetal Lung	UW.Fetal_Lung_Left.ChromatinAccessibility.H-24111.DS18487.twopass.merge150.wgt10.zgt2.wig	rs11001819,rs12477314,rs12899618,rs1541374,rs1928168,rs2284746,rs2798641,rs3817928,rs4129267,rs7068966,rs730532,rs993925,rs9978142	135	GSM817185
2.982	2.4368129222988	Fetal_Lung_Right	Fetal Lung	UW.Fetal_Lung_Right.ChromatinAccessibility.H-23435.DS15632.twopass.merge150.wgt10.zgt2.wig	rs10516526,rs12477314,rs1529672,rs1541374,rs1928168,rs2284746,rs2798641,rs7068966,rs993925	136	GSM665807
2.448	1.67893804214838	Fetal_Lung_Right	Fetal Lung	UW.Fetal_Lung_Right.ChromatinAccessibility.H-23604.DS16566.twopass.merge150.wgt10.zgt2.wig	rs11172113,rs12477314,rs1928168,rs2284746,rs2798641,rs7068966,rs993925,rs9978142	137	GSM665827
2.616	1.51360633784221	Fetal_Lung_Right	Fetal Lung	UW.Fetal_Lung_Right.ChromatinAccessibility.H-23640.DS16790.twopass.merge150.wgt10.zgt2.wig	rs12447804,rs12477314,rs1928168,rs2284746,rs2798641,rs4129267,rs7068966,rs993925	138	GSM665832
4.461	3.29958602448981	Fetal_Lung_Right	Fetal Lung	UW.Fetal_Lung_Right.ChromatinAccessibility.H-23744.DS17101.twopass.merge150.wgt10.zgt2.wig	rs11001819,rs11172113,rs12477314,rs1928168,rs2284746,rs2798641,rs2865531,rs4129267,rs7068966,rs730532,rs993925	139	GSM774206
3.450	2.47362870749761	Fetal_Lung_Right	Fetal Lung	UW.Fetal_Lung_Right.ChromatinAccessibility.H-23758.DS17162.twopass.merge150.wgt10.zgt2.wig	rs11172113,rs12477314,rs1541374,rs1928168,rs2284746,rs2798641,rs7068966,rs730532,rs993925	140	GSM817164
3.643	2.42772907998573	Fetal_Lung_Right	Fetal Lung	UW.Fetal_Lung_Right.ChromatinAccessibility.H-23887.DS17670.twopass.merge150.wgt10.zgt2.wig	rs10516526,rs11001819,rs12477314,rs1928168,rs2284746,rs2798641,rs4129267,rs7068966,rs993925	141	GSM701523
2.481	1.7067020726738	Fetal_Lung_Right	Fetal Lung	UW.Fetal_Lung_Right.ChromatinAccessibility.H-23964.DS17831.twopass.merge150.wgt10.zgt2.wig	rs12477314,rs12899618,rs1541374,rs1928168,rs2284746,rs2798641,rs7068966,rs730532,rs993925	142	GSM774227
2.847	2.0857489484681	Fetal_Lung_Right	Fetal Lung	UW.Fetal_Lung_Right.ChromatinAccessibility.H-24005.DS17954.twopass.merge150.wgt10.zgt2.wig	rs11172113,rs12477314,rs1928168,rs2284746,rs2798641,rs4129267,rs7068966,rs730532,rs993925	143	GSM774231
2.597	1.82870191633334	Fetal_Lung_Right	Fetal Lung	UW.Fetal_Lung_Right.ChromatinAccessibility.H-24089.DS18418.twopass.merge150.wgt10.zgt2.wig	rs12477314,rs1541374,rs1928168,rs2284746,rs2798641,rs4129267,rs7068966,rs730532,rs993925	144	GSM817174
4.292	3.92331805825289	Fetal_Lung_Right	Fetal Lung	UW.Fetal_Lung_Right.ChromatinAccessibility.H-24111.DS18492.twopass.merge150.wgt10.zgt2.wig	rs10516526,rs12477314,rs12899618,rs1541374,rs1928168,rs2284746,rs2798641,rs3734729,rs4129267,rs7068966,rs730532,rs993925,rs9978142	145	GSM817186
3.784	2.40459601492103	Fetal_Lung	Fetal Lung	UW.Fetal_Lung.ChromatinAccessibility.H-22676.DS12646.twopass.merge150.wgt10.zgt2.wig	rs12477314,rs1928168,rs2284746,rs2798641,rs4129267,rs7068966,rs993925	146	GSM530656
5.109	3.82040627501653	Fetal_Lung	Fetal Lung	UW.Fetal_Lung.ChromatinAccessibility.H-22727.DS12817.twopass.merge150.wgt10.zgt2.wig	rs10516526,rs11172113,rs12477314,rs1529672,rs1928168,rs2284746,rs2798641,rs4129267,rs7068966,rs730532,rs993925	147	GSM530662
3.523	2.59303686947815	Fetal_Lung	Fetal Lung	UW.Fetal_Lung.ChromatinAccessibility.H-22934B.DS13507.twopass.merge150.wgt10.zgt2.wig	rs10516526,rs11001819,rs12477314,rs1541374,rs1928168,rs2284746,rs2798641,rs4129267,rs7068966,rs993925	148	GSM595915
3.536	2.69228126677187	Fetal_Lung	Fetal Lung	UW.Fetal_Lung.ChromatinAccessibility.H-23090.DS13985.twopass.merge150.wgt10.zgt2.wig	rs11001819,rs12477314,rs1529672,rs1928168,rs2284746,rs2798641,rs7068966,rs730532,rs993925,rs9978142	149	GSM595916
2.145	1.35041193379537	Fetal_Lung	Fetal Lung	UW.Fetal_Lung.ChromatinAccessibility.H-23247.DS14666.twopass.merge150.wgt10.zgt2.wig	rs11172113,rs12477314,rs1928168,rs2284746,rs7068966,rs993925	150	GSM595921
3.777	2.8143147470193	Fetal_Lung	Fetal Lung	UW.Fetal_Lung.ChromatinAccessibility.H-23266.DS14724.twopass.merge150.wgt10.zgt2.wig	rs11001819,rs11172113,rs12477314,rs1928168,rs2284746,rs2798641,rs4129267,rs7068966,rs993925	151	GSM595924
2.873	1.85628072089668	Fetal_Lung	Fetal Lung	UW.Fetal_Lung.ChromatinAccessibility.H-23266.DS14751.twopass.merge150.wgt10.zgt2.wig	rs12477314,rs12899618,rs1928168,rs2284746,rs2798641,rs7068966,rs993925,rs9978142	152	GSM595925
3.257	2.17511613443748	Fetal_Lung	Fetal Lung	UW.Fetal_Lung.ChromatinAccessibility.H-23284.DS14809.twopass.merge150.wgt10.zgt2.wig	rs12477314,rs1928168,rs2284746,rs2798641,rs4129267,rs7068966,rs993925	153	GSM595927
2.255	1.29753772847238	Fetal_Lung	Fetal Lung	UW.Fetal_Lung.ChromatinAccessibility.H-23284.DS14820.twopass.merge150.wgt10.zgt2.wig	rs12477314,rs1928168,rs2284746,rs4129267,rs7068966,rs993925	154	GSM595929
3.203	2.09701131315192	Fetal_Lung	Fetal Lung	UW.Fetal_Lung.ChromatinAccessibility.H-23365.DS15227.twopass.merge150.wgt10.zgt2.wig	rs12477314,rs1928168,rs2284746,rs2571445,rs2798641,rs7068966,rs993925,rs9978142	155	GSM595930
4.290	3.39653441160352	Fetal_Lung	Fetal Lung	UW.Fetal_Lung.ChromatinAccessibility.H-23399.DS15461.twopass.merge150.wgt10.zgt2.wig	rs12477314,rs12716852,rs1541374,rs1928168,rs2284746,rs2798641,rs4129267,rs6903823,rs7068966,rs730532,rs993925	156	GSM665805
5.041	4.53903904636821	Fetal_Lung	Fetal Lung	UW.Fetal_Lung.ChromatinAccessibility.H-23419.DS15573.twopass.merge150.wgt10.zgt2.wig	rs10516526,rs11001819,rs11172113,rs12477314,rs1529672,rs1928168,rs2284746,rs2798641,rs3817928,rs7068966,rs730532,rs993925,rs9978142	157	GSM665806
2.332	1.37678901606474	Fetal_Muscle_Arm	Fetal Muscle	UW.Fetal_Muscle_Arm.ChromatinAccessibility.H-23808.DS17432.twopass.merge150.wgt10.zgt2.wig	rs11001819,rs11172113,rs1541374,rs1928168,rs2284746,rs2798641,rs4129267	158	GSM701506
0.904	0.628805461046477	Fetal_Muscle_Arm	Fetal Muscle	UW.Fetal_Muscle_Arm.ChromatinAccessibility.H-23914.DS17765.twopass.merge150.wgt10.zgt2.wig	rs11001819,rs11172113,rs1928168,rs2284746,rs2798641,rs4129267,rs730532	159	GSM774223
1.598	1.01409334949188	Fetal_Muscle_Arm	Fetal Muscle	UW.Fetal_Muscle_Arm.ChromatinAccessibility.H-23941.DS17825.twopass.merge150.wgt10.zgt2.wig	rs1928168,rs2284746,rs2544527,rs2798641,rs4129267,rs7068966	160	GSM774226
1.830	1.10763780458898	Fetal_Muscle_Arm	Fetal Muscle	UW.Fetal_Muscle_Arm.ChromatinAccessibility.H-23964.DS17848.twopass.merge150.wgt10.zgt2.wig	rs11001819,rs1928168,rs2284746,rs2798641,rs4129267,rs9978142	161	GSM701535
3.674	2.5741607719343	Fetal_Muscle_Arm	Fetal Muscle	UW.Fetal_Muscle_Arm.ChromatinAccessibility.H-24005.DS18080.twopass.merge150.wgt10.zgt2.wig	rs11001819,rs11172113,rs12477314,rs1529672,rs1928168,rs2284746,rs2798641,rs4129267,rs6903823,rs7068966,rs730532,rs9978142	162	GSM774234
2.412	1.44535075354865	Fetal_Muscle_Arm	Fetal Muscle	UW.Fetal_Muscle_Arm.ChromatinAccessibility.H-24042.DS18176.twopass.merge150.wgt10.zgt2.wig	rs11001819,rs1928168,rs2284746,rs2395730,rs2798641,rs4129267,rs9978142	163	GSM774239
1.951	1.19849709898321	Fetal_Muscle_Arm	Fetal Muscle	UW.Fetal_Muscle_Arm.ChromatinAccessibility.H-24078.DS18379.twopass.merge150.wgt10.zgt2.wig	rs1928168,rs2284746,rs2798641,rs3817928,rs4129267,rs6903823	164	GSM878610
1.957	1.40356642448699	Fetal_Muscle_Arm	Fetal Muscle	UW.Fetal_Muscle_Arm.ChromatinAccessibility.H-24089.DS18452.twopass.merge150.wgt10.zgt2.wig	rs11001819,rs12477314,rs1928168,rs2284746,rs2798641,rs4129267,rs730532,rs9978142	165	GSM817178
2.659	1.61319259872805	Fetal_Muscle_Arm	Fetal Muscle	UW.Fetal_Muscle_Arm.ChromatinAccessibility.H-24111.DS18473.twopass.merge150.wgt10.zgt2.wig	rs11001819,rs11172113,rs1928168,rs2284746,rs2798641,rs4129267,rs730532,rs9978142	166	GSM817184
2.376	1.46467019204003	Fetal_Muscle_Arm	Fetal Muscle	UW.Fetal_Muscle_Arm.ChromatinAccessibility.H-24125.DS18559.twopass.merge150.wgt10.zgt2.wig	rs11001819,rs11172113,rs1928168,rs2284746,rs2798641,rs4129267,rs7068966	167	GSM817191
2.515	1.72014440464645	Fetal_Muscle_Arm	Fetal Muscle	UW.Fetal_Muscle_Arm.ChromatinAccessibility.H-24143.DS18992.twopass.merge150.wgt10.zgt2.wig	rs11001819,rs12477314,rs1928168,rs2284746,rs2798641,rs4129267,rs730532	168	GSM878618
1.477	0.872565018032097	Fetal_Muscle_Arm	Fetal Muscle	UW.Fetal_Muscle_Arm.ChromatinAccessibility.H-24198.DS19051.twopass.merge150.wgt10.zgt2.wig	rs1928168,rs2284746,rs2798641,rs4129267,rs7068966	169	GSM878619
1.103	0.760484798186702	Fetal_Muscle_Arm	Fetal Muscle	UW.Fetal_Muscle_Arm.ChromatinAccessibility.H-24218.DS19053.twopass.merge150.wgt10.zgt2.wig	rs11001819,rs1928168,rs2284746,rs2798641,rs4129267,rs730532	170	GSM878620
3.189	2.36509925237873	Fetal_Muscle_Arm	Fetal Muscle	UW.Fetal_Muscle_Arm.ChromatinAccessibility.H-24244.DS19270.twopass.merge150.wgt10.zgt2.wig	rs11001819,rs11172113,rs12477314,rs1928168,rs2284746,rs2395730,rs2798641,rs4129267,rs730532	171	GSM878625
2.114	1.38899343683743	Fetal_Muscle_Arm	Fetal Muscle	UW.Fetal_Muscle_Arm.ChromatinAccessibility.H-24259.DS19295.twopass.merge150.wgt10.zgt2.wig	rs11001819,rs12477314,rs1928168,rs2284746,rs2798641,rs4129267,rs730532	172	GSM817214
2.362	1.66555780807223	Fetal_Muscle_Arm	Fetal Muscle	UW.Fetal_Muscle_Arm.ChromatinAccessibility.H-24272.DS19380.twopass.merge150.wgt10.zgt2.wig	rs11001819,rs11172113,rs1551943,rs1928168,rs2284746,rs2798641,rs4129267,rs730532	173	GSM817216
2.811	1.66679459511209	Fetal_Muscle_Arm	Fetal Muscle	UW.Fetal_Muscle_Arm.ChromatinAccessibility.H-24297.DS19646.twopass.merge150.wgt10.zgt2.wig	rs11001819,rs12477314,rs1928168,rs2284746,rs2798641,rs4129267,rs7068966	174	GSM878638
2.575	1.71049651690596	Fetal_Muscle_Back	Fetal Muscle	UW.Fetal_Muscle_Back.ChromatinAccessibility.H-23914.DS17767.twopass.merge150.wgt10.zgt2.wig	rs11001819,rs11172113,rs1928168,rs2277027,rs2284746,rs2798641,rs3734729,rs4129267,rs730532,rs9978142	175	GSM774224
3.598	2.61752400118213	Fetal_Muscle_Back	Fetal Muscle	UW.Fetal_Muscle_Back.ChromatinAccessibility.H-23964.DS17850.twopass.merge150.wgt10.zgt2.wig	rs11001819,rs11172113,rs12477314,rs1928168,rs2284746,rs2798641,rs4129267,rs7068966,rs730532	176	GSM701536
2.341	1.44980427775502	Fetal_Muscle_Back	Fetal Muscle	UW.Fetal_Muscle_Back.ChromatinAccessibility.H-24005.DS18083.twopass.merge150.wgt10.zgt2.wig	rs11001819,rs11172113,rs1928168,rs2284746,rs2798641,rs4129267,rs7068966,rs730532,rs9978142	177	GSM774235
3.355	2.37395526908103	Fetal_Muscle_Back	Fetal Muscle	UW.Fetal_Muscle_Back.ChromatinAccessibility.H-24078.DS18377.twopass.merge150.wgt10.zgt2.wig	rs11001819,rs11172113,rs1928168,rs2277027,rs2284746,rs2798641,rs4129267,rs730532,rs9978142	178	GSM817171
1.726	1.03414928382684	Fetal_Muscle_Back	Fetal Muscle	UW.Fetal_Muscle_Back.ChromatinAccessibility.H-24089.DS18454.twopass.merge150.wgt10.zgt2.wig	rs11172113,rs2284746,rs2395730,rs2798641,rs4129267,rs730532	179	GSM878611
2.197	1.5196274789151	Fetal_Muscle_Back	Fetal Muscle	UW.Fetal_Muscle_Back.ChromatinAccessibility.H-24111.DS18468.twopass.merge150.wgt10.zgt2.wig	rs11001819,rs11172113,rs1928168,rs2284746,rs2798641,rs4129267,rs730532,rs9978142	180	GSM817182
3.551	2.32149897487647	Fetal_Muscle_Back	Fetal Muscle	UW.Fetal_Muscle_Back.ChromatinAccessibility.H-24143.DS18842.twopass.merge150.wgt10.zgt2.wig	rs11001819,rs11172113,rs1928168,rs2284746,rs2798641,rs4129267,rs7068966,rs730532,rs9978142	181	GSM817200
1.833	1.16352544693919	Fetal_Muscle_Back	Fetal Muscle	UW.Fetal_Muscle_Back.ChromatinAccessibility.H-24218.DS19117.twopass.merge150.wgt10.zgt2.wig	rs11172113,rs1928168,rs2798641,rs4129267,rs730532,rs9978142	182	GSM817207
2.427	1.50415561591306	Fetal_Muscle_Back	Fetal Muscle	UW.Fetal_Muscle_Back.ChromatinAccessibility.H-24244.DS19283.twopass.merge150.wgt10.zgt2.wig	rs11001819,rs11172113,rs12477314,rs2284746,rs2798641,rs4129267,rs7068966	183	GSM817212
2.875	2.07811919651355	Fetal_Muscle_Back	Fetal Muscle	UW.Fetal_Muscle_Back.ChromatinAccessibility.H-24272.DS19384.twopass.merge150.wgt10.zgt2.wig	rs11001819,rs11172113,rs1529672,rs1928168,rs2284746,rs2798641,rs4129267,rs7068966,rs730532	184	GSM817217
2.020	1.38289089327149	Fetal_Muscle_Back	Fetal Muscle	UW.Fetal_Muscle_Back.ChromatinAccessibility.H-24279.DS19441.twopass.merge150.wgt10.zgt2.wig	rs11172113,rs1529672,rs1928168,rs2284746,rs2798641,rs4129267,rs730532	185	GSM878632
2.841	1.95270784687094	Fetal_Muscle_Back	Fetal Muscle	UW.Fetal_Muscle_Back.ChromatinAccessibility.H-24297.DS19648.twopass.merge150.wgt10.zgt2.wig	rs11001819,rs11172113,rs12477314,rs1529672,rs1928168,rs2284746,rs2798641,rs4129267,rs730532	186	GSM878639
3.453	2.55878983280885	Fetal_Muscle_Back	Fetal Muscle	UW.Fetal_Muscle_Back.ChromatinAccessibility.H-24409.DS20244.twopass.merge150.wgt10.zgt2.wig	rs11001819,rs11172113,rs1928168,rs2284746,rs2798641,rs3734729,rs4129267,rs7068966,rs730532	187	GSM878655
2.629	1.76873008565205	Fetal_Muscle_Leg	Fetal Muscle	UW.Fetal_Muscle_Leg.ChromatinAccessibility.H-23808.DS17429.twopass.merge150.wgt10.zgt2.wig	rs11001819,rs1928168,rs2284746,rs2798641,rs4129267,rs7068966,rs730532,rs9978142	188	GSM701505
0.911	0.516734236598124	Fetal_Muscle_Leg	Fetal Muscle	UW.Fetal_Muscle_Leg.ChromatinAccessibility.H-24078.DS18386.twopass.merge150.wgt10.zgt2.wig	rs1928168,rs2284746,rs2571445,rs2798641	189	GSM774242
0.763	0.519734870954612	Fetal_Muscle_Leg	Fetal Muscle	UW.Fetal_Muscle_Leg.ChromatinAccessibility.H-24089.DS18456.twopass.merge150.wgt10.zgt2.wig	rs1928168,rs2284746,rs2798641,rs4129267,rs730532	190	GSM817179
1.998	1.34897682681823	Fetal_Muscle_Leg	Fetal Muscle	UW.Fetal_Muscle_Leg.ChromatinAccessibility.H-24111.DS18471.twopass.merge150.wgt10.zgt2.wig	rs11001819,rs11172113,rs1928168,rs2284746,rs2798641,rs4129267,rs7068966,rs9978142	191	GSM817183
2.766	1.68064725859314	Fetal_Muscle_Leg	Fetal Muscle	UW.Fetal_Muscle_Leg.ChromatinAccessibility.H-24143.DS18844.twopass.merge150.wgt10.zgt2.wig	rs11001819,rs1928168,rs2284746,rs2798641,rs4129267,rs730532	192	GSM817201
2.400	1.76981614299487	Fetal_Muscle_Leg	Fetal Muscle	UW.Fetal_Muscle_Leg.ChromatinAccessibility.H-24198.DS19158.twopass.merge150.wgt10.zgt2.wig	rs11001819,rs1928168,rs2284746,rs2798641,rs2869967,rs4129267,rs7068966,rs730532,rs9978142	193	GSM878622
2.642	1.90182166148839	Fetal_Muscle_Leg	Fetal Muscle	UW.Fetal_Muscle_Leg.ChromatinAccessibility.H-24218.DS19115.twopass.merge150.wgt10.zgt2.wig	rs11001819,rs11172113,rs1928168,rs2284746,rs2798641,rs7068966,rs730532,rs993925	194	GSM817206
2.755	2.00333362485991	Fetal_Muscle_Leg	Fetal Muscle	UW.Fetal_Muscle_Leg.ChromatinAccessibility.H-24244.DS19272.twopass.merge150.wgt10.zgt2.wig	rs11001819,rs11172113,rs12477314,rs1928168,rs2284746,rs2798641,rs4129267,rs7068966,rs730532	195	GSM878626
3.046	1.94861108110319	Fetal_Muscle_Leg	Fetal Muscle	UW.Fetal_Muscle_Leg.ChromatinAccessibility.H-24259.DS19291.twopass.merge150.wgt10.zgt2.wig	rs11001819,rs11172113,rs1928168,rs2284746,rs2798641,rs4129267,rs7068966,rs730532	196	GSM817213
0.970	0.640633254032963	Fetal_Muscle_Leg	Fetal Muscle	UW.Fetal_Muscle_Leg.ChromatinAccessibility.H-24279.DS19436.twopass.merge150.wgt10.zgt2.wig	rs11172113,rs1928168,rs2284746,rs2798641,rs730532	197	GSM878631
3.065	2.4096367543918	Fetal_Muscle_Leg	Fetal Muscle	UW.Fetal_Muscle_Leg.ChromatinAccessibility.H-24297.DS19643.twopass.merge150.wgt10.zgt2.wig	rs11001819,rs11172113,rs1529672,rs1928168,rs2284746,rs2798641,rs4129267,rs7068966,rs730532	198	GSM878637
1.871	1.19102679832774	Fetal_Muscle_Leg	Fetal Muscle	UW.Fetal_Muscle_Leg.ChromatinAccessibility.H-24409.DS20239.twopass.merge150.wgt10.zgt2.wig	rs11001819,rs1928168,rs2284746,rs2798641,rs4129267,rs7068966,rs730532	199	GSM878653
2.718	1.99424477106204	Fetal_Muscle_Lower_Limb_Skeletal	Fetal Muscle	UW.Fetal_Muscle_Lower_Limb_Skeletal.ChromatinAccessibility.H-24042.DS18174.twopass.merge150.wgt10.zgt2.wig	rs11001819,rs11172113,rs12899618,rs1928168,rs2284746,rs2798641,rs4129267,rs6903823,rs7068966,rs730532	200	GSM774238
1.288	0.755642620085833	Fetal_Muscle_Trunk	Fetal Muscle	UW.Fetal_Muscle_Trunk.ChromatinAccessibility.H-23941.DS17827.twopass.merge150.wgt10.zgt2.wig	rs1928168,rs2284746,rs2798641,rs4129267,rs7068966	201	GSM701533
2.081	1.23893352765719	Fetal_Muscle_Trunk	Fetal Muscle	UW.Fetal_Muscle_Trunk.ChromatinAccessibility.H-24409.DS20242.twopass.merge150.wgt10.zgt2.wig	rs11001819,rs11172113,rs1928168,rs2284746,rs2798641,rs4129267,rs730532	202	GSM878654
1.867	1.15210552144942	Fetal_Muscle_Trunk	Fetal Muscle	UW.Fetal_Muscle_Trunk.ChromatinAccessibility.H-24507.DS20544.twopass.merge150.wgt10.zgt2.wig	rs11001819,rs1928168,rs2284746,rs2798641,rs4129267,rs730532	203	GSM878664
2.396	1.28467485456354	Fetal_Muscle_Upper_Limb_Skeletal	Fetal Muscle	UW.Fetal_Muscle_Upper_Limb_Skeletal.ChromatinAccessibility.H-23887.DS17661.twopass.merge150.wgt10.zgt2.wig	rs11001819,rs1928168,rs2277027,rs2284746,rs2798641,rs4129267	204	GSM701522
4.462	3.21616871391757	Fetal_Muscle_Upper_Trunk	Fetal Muscle	UW.Fetal_Muscle_Upper_Trunk.ChromatinAccessibility.H-23887.DS17664.twopass.merge150.wgt10.zgt2.wig	rs11001819,rs11172113,rs12477314,rs1529672,rs1928168,rs2284746,rs2798641,rs3817928,rs4129267,rs7068966,rs993925	205	GSM774218
1.002	0.604187873778101	Fetal_Placenta	Fetal Placenta	UW.Fetal_Placenta.ChromatinAccessibility.H-23887.DS17639.twopass.merge150.wgt10.zgt2.wig	rs10516526,rs11172113,rs1529672,rs2284746,rs2798641,rs7068966	206	GSM774215
0.007	0.23503332894035	Fetal_Placenta	Fetal Placenta	UW.Fetal_Placenta.ChromatinAccessibility.H-23914.DS17744.twopass.merge150.wgt10.zgt2.wig	rs11172113,rs1529672,rs7068966	207	GSM774219
3.081	1.79976613167709	Fetal_Placenta	Fetal Placenta	UW.Fetal_Placenta.ChromatinAccessibility.H-24272.DS19391.twopass.merge150.wgt10.zgt2.wig	rs10516526,rs11172113,rs1529672,rs2284746,rs2798641,rs4129267,rs7068966	208	GSM817219
0.834	0.500674760617887	Fetal_Placenta	Fetal Placenta	UW.Fetal_Placenta.ChromatinAccessibility.H-24409.DS20346.twopass.merge150.wgt10.zgt2.wig	rs11172113,rs1529672,rs3734729,rs7068966	209	GSM878659
2.688	1.78921197352548	Fetal_Renal_Cortex_Left	Fetal Renal Cortex	UW.Fetal_Renal_Cortex_Left.ChromatinAccessibility.H-23871.DS17550.twopass.merge150.wgt10.zgt2.wig	rs11001819,rs12477314,rs1344555,rs2284746,rs2798641,rs3734729,rs6903823,rs730532,rs9310995	210	GSM701519
0.806	0.544713791221261	Fetal_Renal_Cortex_Left	Fetal Renal Cortex	UW.Fetal_Renal_Cortex_Left.ChromatinAccessibility.H-24111.DS18542.twopass.merge150.wgt10.zgt2.wig	rs11172113,rs12477314,rs2284746,rs2798641,rs3734729,rs730532	211	GSM817190
1.268	0.739172531735686	Fetal_Renal_Cortex_Left	Fetal Renal Cortex	UW.Fetal_Renal_Cortex_Left.ChromatinAccessibility.H-24169.DS18931.twopass.merge150.wgt10.zgt2.wig	rs12477314,rs2284746,rs2798641,rs3734729,rs9978142	212	GSM817203
2.613	1.70053090912744	Fetal_Renal_Cortex_Left	Fetal Renal Cortex	UW.Fetal_Renal_Cortex_Left.ChromatinAccessibility.H-24232.DS19257.twopass.merge150.wgt10.zgt2.wig	rs10516526,rs11001819,rs11172113,rs12477314,rs2284746,rs2798641,rs3734729,rs3820928,rs730532	213	GSM817211
1.704	0.978148461551847	Fetal_Renal_Cortex_Right	Fetal Renal Cortex	UW.Fetal_Renal_Cortex_Right.ChromatinAccessibility.H-23871.DS17545.twopass.merge150.wgt10.zgt2.wig	rs11001819,rs12477314,rs1551943,rs2284746,rs2798641,rs3734729,rs730532	214	GSM701517
2.591	1.65229147221678	Fetal_Renal_Cortex_Right	Fetal Renal Cortex	UW.Fetal_Renal_Cortex_Right.ChromatinAccessibility.H-24169.DS18928.twopass.merge150.wgt10.zgt2.wig	rs11172113,rs12477314,rs2284746,rs2798641,rs3734729,rs3820928,rs4129267,rs9310995	215	GSM817202
2.713	1.59401204127411	Fetal_Renal_Cortex_Right	Fetal Renal Cortex	UW.Fetal_Renal_Cortex_Right.ChromatinAccessibility.H-24232.DS19254.twopass.merge150.wgt10.zgt2.wig	rs11172113,rs12477314,rs1529672,rs2284746,rs2798641,rs3734729,rs3820928,rs730532	216	GSM817210
1.462	0.978148461551847	Fetal_Renal_Cortex	Fetal Renal Cortex	UW.Fetal_Renal_Cortex.ChromatinAccessibility.H-23769.DS17307.twopass.merge150.wgt10.zgt2.wig	rs11172113,rs12477314,rs1541374,rs2284746,rs2798641,rs3734729,rs730532	217	GSM701494
1.735	1.0240700942168	Fetal_Renal_Cortex	Fetal Renal Cortex	UW.Fetal_Renal_Cortex.ChromatinAccessibility.H-23790.DS17387.twopass.merge150.wgt10.zgt2.wig	rs11172113,rs12477314,rs2284746,rs2798641,rs7068966,rs730532	218	GSM701502
2.048	1.20148903341531	Fetal_Renal_Cortex	Fetal Renal Cortex	UW.Fetal_Renal_Cortex.ChromatinAccessibility.H-23833.DS17455.twopass.merge150.wgt10.zgt2.wig	rs10516526,rs11172113,rs12477314,rs2284746,rs2798641,rs3734729,rs3820928	219	GSM701511
1.680	0.959285864805832	Fetal_Renal_Cortex	Fetal Renal Cortex	UW.Fetal_Renal_Cortex.ChromatinAccessibility.H-23914.DS17756.twopass.merge150.wgt10.zgt2.wig	rs12477314,rs1551943,rs2284746,rs2798641,rs3734729	220	GSM701529
2.324	1.36472645532628	Fetal_Renal_Cortex	Fetal Renal Cortex	UW.Fetal_Renal_Cortex.ChromatinAccessibility.H-23941.DS17804.twopass.merge150.wgt10.zgt2.wig	rs11172113,rs12477314,rs2284746,rs2798641,rs3734729,rs3820928,rs993925	221	GSM701532
2.420	1.43741029619065	Fetal_Renal_Cortex	Fetal Renal Cortex	UW.Fetal_Renal_Cortex.ChromatinAccessibility.H-24078.DS18428.twopass.merge150.wgt10.zgt2.wig	rs11001819,rs12477314,rs1529672,rs1541374,rs2284746,rs2798641,rs3820928,rs9310995	222	GSM817176
1.999	1.14083177105599	Fetal_Renal_Cortex	Fetal Renal Cortex	UW.Fetal_Renal_Cortex.ChromatinAccessibility.H-24259.DS19388.twopass.merge150.wgt10.zgt2.wig	rs11172113,rs12477314,rs2284746,rs2798641,rs3820928,rs730532	223	GSM878629
0.814	0.531315558533143	Fetal_Renal_Cortex	Fetal Renal Cortex	UW.Fetal_Renal_Cortex.ChromatinAccessibility.H-24493.DS20568.twopass.merge150.wgt10.zgt2.wig	rs11172113,rs12477314,rs2284746,rs2798641,rs3820928	224	GSM878667
2.178	1.37055953242411	Fetal_Renal_Pelvis_Left	Fetal Renal Pelvis	UW.Fetal_Renal_Pelvis_Left.ChromatinAccessibility.H-23871.DS17553.twopass.merge150.wgt10.zgt2.wig	rs11172113,rs12477314,rs2284746,rs2798641,rs3734729,rs6903823,rs730532,rs9310995	225	GSM701520
1.852	1.12409127742443	Fetal_Renal_Pelvis_Left	Fetal Renal Pelvis	UW.Fetal_Renal_Pelvis_Left.ChromatinAccessibility.H-24111.DS18666.twopass.merge150.wgt10.zgt2.wig	rs12477314,rs2284746,rs2798641,rs3734729,rs7068966,rs9978142	226	GSM817193
1.059	0.654870948102724	Fetal_Renal_Pelvis_Left	Fetal Renal Pelvis	UW.Fetal_Renal_Pelvis_Left.ChromatinAccessibility.H-24169.DS18964.twopass.merge150.wgt10.zgt2.wig	rs12477314,rs2284746,rs2798641,rs3820928,rs730532	227	GSM817205
3.170	1.75457675670344	Fetal_Renal_Pelvis_Left	Fetal Renal Pelvis	UW.Fetal_Renal_Pelvis_Left.ChromatinAccessibility.H-24232.DS19238.twopass.merge150.wgt10.zgt2.wig	rs10516526,rs12477314,rs2284746,rs2798641,rs3734729,rs3820928,rs7068966,rs730532	228	GSM817209
1.195	0.745796455040235	Fetal_Renal_Pelvis_Right	Fetal Renal Pelvis	UW.Fetal_Renal_Pelvis_Right.ChromatinAccessibility.H-23871.DS17548.twopass.merge150.wgt10.zgt2.wig	rs12477314,rs1529672,rs2284746,rs2798641,rs3820928,rs730532	229	GSM701518
2.942	1.67221822578026	Fetal_Renal_Pelvis_Right	Fetal Renal Pelvis	UW.Fetal_Renal_Pelvis_Right.ChromatinAccessibility.H-24111.DS18663.twopass.merge150.wgt10.zgt2.wig	rs11172113,rs12477314,rs2284746,rs2798641,rs3734729,rs4129267,rs730532,rs993925	230	GSM817192
-0.083	0.211950514075414	Fetal_Renal_Pelvis_Right	Fetal Renal Pelvis	UW.Fetal_Renal_Pelvis_Right.ChromatinAccessibility.H-24169.DS18961.twopass.merge150.wgt10.zgt2.wig	rs12477314,rs2284746,rs2798641	231	GSM817204
1.501	0.802972617240268	Fetal_Renal_Pelvis_Right	Fetal Renal Pelvis	UW.Fetal_Renal_Pelvis_Right.ChromatinAccessibility.H-24232.DS19235.twopass.merge150.wgt10.zgt2.wig	rs12477314,rs2284746,rs2798641,rs3734729,rs730532	232	GSM817208
3.207	2.19604568337516	Fetal_Renal_Pelvis	Fetal Renal Pelvis	UW.Fetal_Renal_Pelvis.ChromatinAccessibility.H-23790.DS17381.twopass.merge150.wgt10.zgt2.wig	rs10516526,rs11172113,rs12477314,rs1541374,rs2284746,rs2798641,rs3820928,rs4129267,rs730532	233	GSM701501
1.429	0.859053426940065	Fetal_Renal_Pelvis	Fetal Renal Pelvis	UW.Fetal_Renal_Pelvis.ChromatinAccessibility.H-23833.DS17451.twopass.merge150.wgt10.zgt2.wig	rs11172113,rs12477314,rs2284746,rs2798641,rs7068966,rs730532	234	GSM701510
1.006	0.619832632571153	Fetal_Renal_Pelvis	Fetal Renal Pelvis	UW.Fetal_Renal_Pelvis.ChromatinAccessibility.H-23914.DS17760.twopass.merge150.wgt10.zgt2.wig	rs11172113,rs12477314,rs1529672,rs2284746,rs2798641	235	GSM774222
2.271	1.25319783318788	Fetal_Renal_Pelvis	Fetal Renal Pelvis	UW.Fetal_Renal_Pelvis.ChromatinAccessibility.H-24005.DS18088.twopass.merge150.wgt10.zgt2.wig	rs12477314,rs1928168,rs2284746,rs2798641,rs4129267	236	GSM774236
1.678	0.910812494936644	Fetal_Renal_Pelvis	Fetal Renal Pelvis	UW.Fetal_Renal_Pelvis.ChromatinAccessibility.H-24078.DS18431.twopass.merge150.wgt10.zgt2.wig	rs11001819,rs12477314,rs2284746,rs2798641,rs6903823,rs730532	237	GSM817177
1.930	1.19102679832774	Fetal_Renal_Pelvis	Fetal Renal Pelvis	UW.Fetal_Renal_Pelvis.ChromatinAccessibility.H-24259.DS19386.twopass.merge150.wgt10.zgt2.wig	rs12477314,rs2284746,rs2798641,rs3734729,rs4129267,rs730532,rs9310995	238	GSM817218
1.703	1.01742873965563	Fetal_Renal_Pelvis	Fetal Renal Pelvis	UW.Fetal_Renal_Pelvis.ChromatinAccessibility.H-24477.DS20448.twopass.merge150.wgt10.zgt2.wig	rs11172113,rs12477314,rs2284746,rs2798641,rs3734729,rs730532,rs9310995	239	GSM878662
1.685	1.031952557489	Fetal_Skin	Fetal Skin	UW.Fetal_Skin.ChromatinAccessibility.H-22337.DS10987.twopass.merge150.wgt10.zgt2.wig	rs12477314,rs2284746,rs2798641,rs357394,rs993925	240	GSM817158
2.128	1.36307449617942	Fetal_Spinal_Cord	Fetal Spinal Cord	UW.Fetal_Spinal_Cord.ChromatinAccessibility.H-24111.DS18501.twopass.merge150.wgt10.zgt2.wig	rs11001819,rs11172113,rs1928168,rs2284746,rs2798641,rs4129267,rs7068966,rs730532,rs9978142	241	GSM817189
1.580	0.933300096040394	Fetal_Spinal_Cord	Fetal Spinal Cord	UW.Fetal_Spinal_Cord.ChromatinAccessibility.H-24409.DS20351.twopass.merge150.wgt10.zgt2.wig	rs11001819,rs11172113,rs2284746,rs2798641,rs6903823,rs7068966	242	GSM878661
0.948	0.623259817215708	Fetal_Spinal_Cord	Fetal Spinal Cord	UW.Fetal_Spinal_Cord.ChromatinAccessibility.H-24493.DS20530.twopass.merge150.wgt10.zgt2.wig	rs11001819,rs12477314,rs2798641,rs4129267,rs730532	243	GSM878663
-0.080	0.211950514075414	Fetal_Spleen	Fetal Spleen	UW.Fetal_Spleen.ChromatinAccessibility.H-23399.DS17448.twopass.merge150.wgt10.zgt2.wig	rs11001819,rs2798641,rs3820928	244	GSM701509
-0.041	0.223194419155651	Fetal_Stomach	Fetal Stomach	UW.Fetal_Stomach.ChromatinAccessibility.H-23589.DS16530.twopass.merge150.wgt10.zgt2.wig	rs2284746,rs2798641,rs7068966	245	GSM774202
1.759	1.15210552144942	Fetal_Stomach	Fetal Stomach	UW.Fetal_Stomach.ChromatinAccessibility.H-23758.DS17172.twopass.merge150.wgt10.zgt2.wig	rs10516526,rs1928168,rs2284746,rs2798641,rs6903823,rs7068966	246	GSM774212
-0.031	0.213979613433187	Fetal_Stomach	Fetal Stomach	UW.Fetal_Stomach.ChromatinAccessibility.H-23769.DS17325.twopass.merge150.wgt10.zgt2.wig	rs11172113,rs2284746	247	GSM701498
2.867	1.69816415683875	Fetal_Stomach	Fetal Stomach	UW.Fetal_Stomach.ChromatinAccessibility.H-23887.DS17659.twopass.merge150.wgt10.zgt2.wig	rs10516526,rs12477314,rs2284746,rs2798641,rs7068966,rs730532	248	GSM701521
2.196	1.18972184314548	Fetal_Stomach	Fetal Stomach	UW.Fetal_Stomach.ChromatinAccessibility.H-23914.DS17750.twopass.merge150.wgt10.zgt2.wig	rs10516526,rs12477314,rs2284746,rs2798641,rs7068966	249	GSM701528
3.518	2.50164277929488	Fetal_Stomach	Fetal Stomach	UW.Fetal_Stomach.ChromatinAccessibility.H-23964.DS17878.twopass.merge150.wgt10.zgt2.wig	rs10516526,rs11172113,rs12477314,rs1928168,rs2284746,rs2798641,rs4129267,rs7068966,rs730532	250	GSM701538
2.555	1.48426997526668	Fetal_Stomach	Fetal Stomach	UW.Fetal_Stomach.ChromatinAccessibility.H-24005.DS17963.twopass.merge150.wgt10.zgt2.wig	rs10516526,rs12477314,rs1928168,rs2284746,rs2798641,rs6903823,rs7068966	251	GSM774232
1.095	0.711210097609368	Fetal_Stomach	Fetal Stomach	UW.Fetal_Stomach.ChromatinAccessibility.H-24078.DS18389.twopass.merge150.wgt10.zgt2.wig	rs12477314,rs2284746,rs4129267,rs6903823,rs7068966	252	GSM817173
1.863	1.08610517778084	Fetal_Stomach	Fetal Stomach	UW.Fetal_Stomach.ChromatinAccessibility.H-24125.DS18821.twopass.merge150.wgt10.zgt2.wig	rs10516526,rs12477314,rs2284746,rs2798641,rs7068966,rs730532	253	GSM817199
2.516	1.41999910707999	Fetal_Stomach	Fetal Stomach	UW.Fetal_Stomach.ChromatinAccessibility.H-24401.DS20349.twopass.merge150.wgt10.zgt2.wig	rs10516526,rs12477314,rs2284746,rs2798641,rs6903823,rs7068966,rs730532	254	GSM878660
2.538	1.61533791274368	Fetal_Stomach	Fetal Stomach	UW.Fetal_Stomach.ChromatinAccessibility.H-24507.DS20546.twopass.merge150.wgt10.zgt2.wig	rs10516526,rs12477314,rs1928168,rs2284746,rs2798641,rs7068966,rs730532	255	GSM878665
2.404	1.65934185452562	Fetal_Testes	Fetal Testes	UW.Fetal_Testes.ChromatinAccessibility.H24198_H23640_H24042.DS18942.twopass.merge150.wgt10.zgt2.wig	rs11001819,rs11172113,rs2284746,rs2798641,rs2865531,rs3820928,rs730532	256	GSM878617
1.384	0.772512130476594	Fetal_Thymus	Fetal Thymus	UW.Fetal_Thymus.ChromatinAccessibility.H-23589.DS16490.twopass.merge150.wgt10.zgt2.wig	rs1928168,rs2284746,rs2798641,rs3820928,rs7068966	257	GSM665823
0.313	0.334982787709582	Fetal_Thymus	Fetal Thymus	UW.Fetal_Thymus.ChromatinAccessibility.H-23663.DS16841.twopass.merge150.wgt10.zgt2.wig	rs12447804,rs2284746,rs2798641	258	GSM774204
-0.847	0.0412305110603663	Fetal_Thymus	Fetal Thymus	UW.Fetal_Thymus.ChromatinAccessibility.H-23769.DS17323.twopass.merge150.wgt10.zgt2.wig	rs2284746	259	GSM701497
0.700	0.48207954048948	Fetal_Thymus	Fetal Thymus	UW.Fetal_Thymus.ChromatinAccessibility.H-23833.DS17474.twopass.merge150.wgt10.zgt2.wig	rs12716852,rs1344555,rs2284746,rs6903823	260	GSM701513
1.532	0.792876648910405	Fetal_Thymus	Fetal Thymus	UW.Fetal_Thymus.ChromatinAccessibility.H-23964.DS17875.twopass.merge150.wgt10.zgt2.wig	rs2284746,rs2798641,rs3820928,rs7068966	261	GSM701537
0.250	0.317796382779612	Fetal_Thymus	Fetal Thymus	UW.Fetal_Thymus.ChromatinAccessibility.H-23964.DS17876.twopass.merge150.wgt10.zgt2.wig	rs2284746,rs2798641,rs3820928,rs6903823	262	GSM774230
1.659	1.05829242335682	Fetal_Thymus	Fetal Thymus	UW.Fetal_Thymus.ChromatinAccessibility.H-24078.DS18382.twopass.merge150.wgt10.zgt2.wig	rs12447804,rs1551943,rs2284746,rs3820928,rs4129267,rs6903823,rs7068966	263	GSM817172
1.879	1.07969687804291	Fetal_Thymus	Fetal Thymus	UW.Fetal_Thymus.ChromatinAccessibility.H-24259.DS19287.twopass.merge150.wgt10.zgt2.wig	rs11001819,rs11172113,rs2284746,rs2798641,rs4129267	264	GSM878627
1.263	0.733548963299244	Fetal_Thymus	Fetal Thymus	UW.Fetal_Thymus.ChromatinAccessibility.H-24401.DS20335.twopass.merge150.wgt10.zgt2.wig	rs2284746,rs2798641,rs3820928,rs7068966	265	GSM878656
1.971	1.13643149744249	Fetal_Thymus	Fetal Thymus	UW.Fetal_Thymus.ChromatinAccessibility.H-24409.DS20341.twopass.merge150.wgt10.zgt2.wig	rs2284746,rs2798641,rs3820928,rs7068966,rs730532	266	GSM878657
3.099	1.78933668076484	Fibroblasts_Fetal_Skin_Abdomen	Fibroblast	UW.Fibroblasts_Fetal_Skin_Abdomen.ChromatinAccessibility.H-24259.DS19558.twopass.merge150.wgt10.zgt2.wig	rs11172113,rs12477314,rs1529672,rs2284746,rs4129267,rs730532	267	GSM878635
1.681	0.992116242990992	Fibroblasts_Fetal_Skin_Abdomen	Fibroblast	UW.Fibroblasts_Fetal_Skin_Abdomen.ChromatinAccessibility.H-24259.DS19561.twopass.merge150.wgt10.zgt2.wig	rs11172113,rs12477314,rs2284746,rs4129267,rs730532	268	GSM878636
4.018	2.20998988001759	Fibroblasts_Fetal_Skin_Back	Fibroblast	UW.Fibroblasts_Fetal_Skin_Back.ChromatinAccessibility.H-24218.DS19233.twopass.merge150.wgt10.zgt2.wig	rs11172113,rs1529672,rs2284746,rs4129267,rs7068966,rs730532	269	GSM878624
2.857	1.87663671846305	Fibroblasts_Fetal_Skin_Biceps_Left	Fibroblast	UW.Fibroblasts_Fetal_Skin_Biceps_Left.ChromatinAccessibility.H-24259.DS19857.twopass.merge150.wgt10.zgt2.wig	rs11172113,rs12477314,rs1529672,rs2284746,rs4129267,rs730532	270	GSM878644
3.102	1.86669763896367	Fibroblasts_Fetal_Skin_Biceps_Left	Fibroblast	UW.Fibroblasts_Fetal_Skin_Biceps_Left.ChromatinAccessibility.H-24259.DS19867.twopass.merge150.wgt10.zgt2.wig	rs11172113,rs12477314,rs1529672,rs2284746,rs4129267,rs730532	271	GSM878645
3.254	2.01243225335047	Fibroblasts_Fetal_Skin_Biceps_Right	Fibroblast	UW.Fibroblasts_Fetal_Skin_Biceps_Right.ChromatinAccessibility.H-24259.DS19745.twopass.merge150.wgt10.zgt2.wig	rs11172113,rs12477314,rs1529672,rs2284746,rs4129267,rs730532	272	GSM878642
2.789	1.78933668076484	Fibroblasts_Fetal_Skin_Biceps_Right	Fibroblast	UW.Fibroblasts_Fetal_Skin_Biceps_Right.ChromatinAccessibility.H-24259.DS19761.twopass.merge150.wgt10.zgt2.wig	rs11172113,rs12477314,rs1529672,rs2284746,rs4129267,rs730532	273	GSM878643
2.384	1.66330861882645	Fibroblasts_Fetal_Skin_Quadriceps_Left	Fibroblast	UW.Fibroblasts_Fetal_Skin_Quadriceps_Left.ChromatinAccessibility.H-24259.DS20046.twopass.merge150.wgt10.zgt2.wig	rs11172113,rs12477314,rs2284746,rs4129267,rs730532,rs993925	274	GSM878648
1.677	1.13643149744249	Fibroblasts_Fetal_Skin_Quadriceps_Left	Fibroblast	UW.Fibroblasts_Fetal_Skin_Quadriceps_Left.ChromatinAccessibility.H-24259.DS20056.twopass.merge150.wgt10.zgt2.wig	rs11172113,rs12477314,rs2284746,rs4129267,rs730532	275	GSM878649
2.371	1.39259076992289	Fibroblasts_Fetal_Skin_Quadriceps_Right	Fibroblast	UW.Fibroblasts_Fetal_Skin_Quadriceps_Right.ChromatinAccessibility.H-24259.DS19943.twopass.merge150.wgt10.zgt2.wig	rs11172113,rs12477314,rs2284746,rs4129267,rs730532	276	GSM878646
2.530	1.59610245763975	Fibroblasts_Fetal_Skin_Quadriceps_Right	Fibroblast	UW.Fibroblasts_Fetal_Skin_Quadriceps_Right.ChromatinAccessibility.H-24259.DS19948.twopass.merge150.wgt10.zgt2.wig	rs11172113,rs12477314,rs2284746,rs3817928,rs4129267,rs730532	277	GSM878647
1.838	0.986218672438391	Fibroblasts_Fetal_Skin_Scalp	Fibroblast	UW.Fibroblasts_Fetal_Skin_Scalp.ChromatinAccessibility.H-24259.DS19444.twopass.merge150.wgt10.zgt2.wig	rs11172113,rs2284746,rs4129267,rs730532	278	GSM878633
2.737	1.45180901807381	Fibroblasts_Fetal_Skin_Scalp	Fibroblast	UW.Fibroblasts_Fetal_Skin_Scalp.ChromatinAccessibility.H-24259.DS19449.twopass.merge150.wgt10.zgt2.wig	rs11172113,rs1529672,rs2284746,rs4129267,rs730532	279	GSM878634
3.147	1.82750678870377	Fibroblasts_Fetal_Skin_Upper_Back	Fibroblast	UW.Fibroblasts_Fetal_Skin_Upper_Back.ChromatinAccessibility.H-24259.DS19696.twopass.merge150.wgt10.zgt2.wig	rs11172113,rs12477314,rs1551943,rs2284746,rs4129267,rs730532	280	GSM878640
2.466	1.6377218255332	Fibroblasts_Fetal_Skin_Upper_Back	Fibroblast	UW.Fibroblasts_Fetal_Skin_Upper_Back.ChromatinAccessibility.H-24259.DS19706.twopass.merge150.wgt10.zgt2.wig	rs11172113,rs12477314,rs1529672,rs2284746,rs4129267,rs730532	281	GSM878641
4.478	3.41854268454587	Penis_Foreskin_Fibroblast	Fibroblast	UW.Penis_Foreskin_Fibroblast_Primary_Cells.ChromatinAccessibility.skin01.DS18224.twopass.merge150.wgt10.zgt2.wig	rs1036429,rs11172113,rs12477314,rs1551943,rs2284746,rs2798641,rs3820928,rs4129267,rs6903823,rs730532,rs993925	282	GSM774240
3.540	2.68805898776046	Penis_Foreskin_Fibroblast	Fibroblast	UW.Penis_Foreskin_Fibroblast_Primary_Cells.ChromatinAccessibility.skin01.DS18229.twopass.merge150.wgt10.zgt2.wig	rs11172113,rs12447804,rs12477314,rs1551943,rs2284746,rs2798641,rs3817928,rs4129267,rs730532	283	GSM774241
2.696	1.8178922385113	Penis_Foreskin_Fibroblast	Fibroblast	UW.Penis_Foreskin_Fibroblast_Primary_Cells.ChromatinAccessibility.skin02.DS18252.twopass.merge150.wgt10.zgt2.wig	rs11172113,rs12477314,rs2284746,rs2798641,rs4129267,rs730532	284	GSM817169
4.432	3.03783644646994	Penis_Foreskin_Fibroblast	Fibroblast	UW.Penis_Foreskin_Fibroblast_Primary_Cells.ChromatinAccessibility.skin02.DS18256.twopass.merge150.wgt10.zgt2.wig	rs11172113,rs12477314,rs2284746,rs2798641,rs4129267,rs6903823,rs730532,rs993925	285	GSM817170
0.768	0.461651841097282	iPS_DF_4.7	IPS cell	UW.iPS_DF_4.7.ChromatinAccessibility.DS15169.twopass.merge150.wgt10.zgt2.wig	rs10516526,rs11172113,rs2284746	286	GSM665803
0.197	0.291096210290495	iPS_DF_6.9	IPS cell	UW.iPS_DF_6.9.ChromatinAccessibility.DS15164.twopass.merge150.wgt10.zgt2.wig	rs10516526,rs11172113,rs2284746	287	GSM665802
0.758	0.513296356493605	iPS_DF_19.7	IPS cell	UW.iPS_DF_19.7.ChromatinAccessibility.DS15148.twopass.merge150.wgt10.zgt2.wig	rs10516526,rs11172113,rs2284746	288	GSM665800
0.487	0.391500381102052	iPS_DF_19.11	IPS cell	UW.iPS_DF_19.11.ChromatinAccessibility.DS15153.twopass.merge150.wgt10.zgt2.wig	rs10516526,rs11172113,rs2284746	289	GSM665801
4.861	4.05293995168547	IMR90	Lung	UW.IMR90.ChromatinAccessibility.DS11759.twopass.merge150.wgt10.zgt2.wig	rs11172113,rs12477314,rs1928168,rs2284746,rs2798641,rs4129267,rs6903823,rs7068966,rs730532	290	GSM468792
2.247	1.30529897556858	IMR90	Lung	UW.IMR90.ChromatinAccessibility.DS11764.twopass.merge150.wgt10.zgt2.wig	rs12477314,rs1928168,rs2284746,rs7068966,rs730532	291	GSM468801
4.756	4.10614340237595	IMR90	Lung	UW.IMR90.ChromatinAccessibility.DS13219.twopass.merge150.wgt10.zgt2.wig	rs11172113,rs12477314,rs1928168,rs2284746,rs2798641,rs3817928,rs4129267,rs7068966,rs730532,rs993925	292	GSM530665
4.469	3.06525381907321	IMR90	Lung	UW.IMR90.ChromatinAccessibility.DS13229.twopass.merge150.wgt10.zgt2.wig	rs12477314,rs1928168,rs2284746,rs2798641,rs4129267,rs6903823,rs7068966,rs730532	293	GSM530666
1.947	1.13521359530075	Penis_Foreskin_Keratinocyte	Skin	UW.Penis_Foreskin_Keratinocyte_Primary_Cells.ChromatinAccessibility.skin01.DS18692.twopass.merge150.wgt10.zgt2.wig	rs1551943,rs2284746,rs2798641,rs4129267,rs6903823,rs9978142	294	GSM817194
1.710	0.96468632521135	Penis_Foreskin_Keratinocyte	Skin	UW.Penis_Foreskin_Keratinocyte_Primary_Cells.ChromatinAccessibility.skin01.DS18695.twopass.merge150.wgt10.zgt2.wig	rs1551943,rs2798641,rs4129267,rs6903823,rs9978142	295	GSM817195
2.943	1.83277727493935	Penis_Foreskin_Keratinocyte	Skin	UW.Penis_Foreskin_Keratinocyte_Primary_Cells.ChromatinAccessibility.skin02.DS18714.twopass.merge150.wgt10.zgt2.wig	rs1551943,rs2284746,rs4129267,rs6903823,rs7068966,rs730532,rs9978142	296	GSM817196
1.450	0.912275868133291	Penis_Foreskin_Keratinocyte	Skin	UW.Penis_Foreskin_Keratinocyte_Primary_Cells.ChromatinAccessibility.skin02.DS18718.twopass.merge150.wgt10.zgt2.wig	rs2284746,rs2798641,rs4129267,rs6903823,rs9978142	297	GSM817197
-0.151	0.182073855507281	Penis_Foreskin_Melanocyte	Skin	UW.Penis_Foreskin_Melanocyte_Primary_Cells.ChromatinAccessibility.skin01.DS18590.twopass.merge150.wgt10.zgt2.wig	rs10516526,rs2284746	298	GSM774243
1.715	1.10221873734802	Penis_Foreskin_Melanocyte	Skin	UW.Penis_Foreskin_Melanocyte_Primary_Cells.ChromatinAccessibility.skin01.DS18601.twopass.merge150.wgt10.zgt2.wig	rs10516526,rs11001819,rs11172113,rs2284746,rs4129267,rs993925	299	GSM774244
