Zscore	Cell	Tissue	File	SNPs	Number	Accession
-1.382	CD3	Blood	UW.CD3_Primary_Cells.ChromatinAccessibility.CB1_1-3-2011.DS17702.twopass.merge150.wgt10.zgt2.wig		1	GSM701525
-0.026	CD3	Blood	UW.CD3_Primary_Cells.ChromatinAccessibility.CB6_1-4-2011.DS17706.twopass.merge150.wgt10.zgt2.wig	rs2277027,rs3820928	2	GSM701526
-1.370	CD3	Blood	UW.CD3_Primary_Cells.ChromatinAccessibility.RO_01679.DS17198.twopass.merge150.wgt10.zgt2.wig		3	GSM665837
-0.969	CD3	Blood	UW.CD3_Primary_Cells.ChromatinAccessibility.RO_01701.DS17534.twopass.merge150.wgt10.zgt2.wig	rs6903823	4	GSM701516
-0.414	CD4_Mobilised;	Blood	UW.Mobilized_CD4_Primary_Cells.ChromatinAccessibility.RO_01679.DS16955.twopass.merge150.wgt10.zgt2.wig	rs2284746,rs6903823	5	GSM701489
-0.835	CD4_Mobilised;	Blood	UW.Mobilized_CD4_Primary_Cells.ChromatinAccessibility.RO_01701.DS17175.twopass.merge150.wgt10.zgt2.wig	rs12447804	6	GSM701491
-0.806	CD4	Blood	UW.CD4_Primary_Cells.ChromatinAccessibility.RO_01549.DS15947.twopass.merge150.wgt10.zgt2.wig	rs4129267	7	GSM665812
-0.731	CD4	Blood	UW.CD4_Primary_Cells.ChromatinAccessibility.RO_01679.DS17212.twopass.merge150.wgt10.zgt2.wig	rs4129267	8	GSM665839
-0.443	CD4	Blood	UW.CD4_Primary_Cells.ChromatinAccessibility.RO_01689.DS17329.twopass.merge150.wgt10.zgt2.wig	rs2798641,rs6903823	9	GSM817166
-0.728	CD4	Blood	UW.CD4_Primary_Cells.ChromatinAccessibility.RO_01701.DS17881.twopass.merge150.wgt10.zgt2.wig	rs4129267	10	GSM701539
-0.901	CD8_Mobilised;	Blood	UW.Mobilized_CD8_Primary_Cells.ChromatinAccessibility.RO_01679.DS16962.twopass.merge150.wgt10.zgt2.wig	rs2277027	11	GSM817160
-1.947	CD8	Blood	UW.CD8_Primary_Cells.ChromatinAccessibility.RO_01549.DS16012.twopass.merge150.wgt10.zgt2.wig		12	GSM665813
-1.230	CD8	Blood	UW.CD8_Primary_Cells.ChromatinAccessibility.RO_01679.DS17203.twopass.merge150.wgt10.zgt2.wig		13	GSM665838
-1.549	CD8	Blood	UW.CD8_Primary_Cells.ChromatinAccessibility.RO_01689.DS17332.twopass.merge150.wgt10.zgt2.wig		14	GSM701499
-1.299	CD8	Blood	UW.CD8_Primary_Cells.ChromatinAccessibility.RO_01701.DS17885.twopass.merge150.wgt10.zgt2.wig		15	GSM701540
0.213	CD14	Blood	UW.CD14_Primary_Cells.ChromatinAccessibility.RO_01689.DS17391.twopass.merge150.wgt10.zgt2.wig	rs3995090,rs4129267	16	GSM701503
0.212	CD14	Blood	UW.CD14_Primary_Cells.ChromatinAccessibility.RO_01701.DS17889.twopass.merge150.wgt10.zgt2.wig	rs4129267,rs6903823	17	GSM701541
-0.397	CD19	Blood	UW.CD19_Primary_Cells.ChromatinAccessibility.RO_01679.DS17186.twopass.merge150.wgt10.zgt2.wig	rs2838815,rs3820928	18	GSM701492
-0.803	CD19	Blood	UW.CD19_Primary_Cells.ChromatinAccessibility.RO_01689.DS17281.twopass.merge150.wgt10.zgt2.wig	rs2277027	19	GSM701493
0.435	CD19	Blood	UW.CD19_Primary_Cells.ChromatinAccessibility.RO_01701.DS17440.twopass.merge150.wgt10.zgt2.wig	rs2277027,rs2838815,rs3820928	20	GSM701507
2.425	CD20	Blood	UW.CD20_Primary_Cells.ChromatinAccessibility.RO_01778.DS17371.twopass.merge150.wgt10.zgt2.wig	rs10516526,rs12477314,rs2284746,rs2798641,rs3820928,rs4129267,rs7068966	21	GSM701500
0.061	CD34_Mobilised;	Blood	UW.Mobilized_CD34_Primary_Cells.ChromatinAccessibility.RO_00738.DS13199.twopass.merge150.wgt10.zgt2.wig	rs1980057,rs6903823	22	GSM530664
-0.727	CD34_Mobilised;	Blood	UW.Mobilized_CD34_Primary_Cells.ChromatinAccessibility.RO_01480.DS12771.twopass.merge150.wgt10.zgt2.wig	rs2284746	23	GSM530658
0.772	CD34_Mobilised;	Blood	UW.Mobilized_CD34_Primary_Cells.ChromatinAccessibility.RO_01492.DS12774.twopass.merge150.wgt10.zgt2.wig	rs1980057,rs2284746,rs6903823	24	GSM530659
-0.155	CD34_Mobilised;	Blood	UW.Mobilized_CD34_Primary_Cells.ChromatinAccessibility.RO_01492.DS14206.twopass.merge150.wgt10.zgt2.wig	rs2284746,rs6903823	25	GSM595919
-0.787	CD34_Mobilised;	Blood	UW.Mobilized_CD34_Primary_Cells.ChromatinAccessibility.RO_01508.DS11202.twopass.merge150.wgt10.zgt2.wig	rs6903823	26	GSM493386
-0.032	CD34_Mobilised;	Blood	UW.Mobilized_CD34_Primary_Cells.ChromatinAccessibility.RO_01517.DS14129.twopass.merge150.wgt10.zgt2.wig	rs1980057,rs4129267	27	GSM595917
-0.704	CD34_Mobilised;	Blood	UW.Mobilized_CD34_Primary_Cells.ChromatinAccessibility.RO_01520.DS12785.twopass.merge150.wgt10.zgt2.wig	rs2284746	28	GSM530660
-1.058	CD34_Mobilised;	Blood	UW.Mobilized_CD34_Primary_Cells.ChromatinAccessibility.RO_01527.DS11666.twopass.merge150.wgt10.zgt2.wig	rs3995090	29	GSM493387
-0.648	CD34_Mobilised;	Blood	UW.Mobilized_CD34_Primary_Cells.ChromatinAccessibility.RO_01535.DS12274.twopass.merge150.wgt10.zgt2.wig	rs2284746	30	GSM493384
-1.462	CD34_Mobilised;	Blood	UW.Mobilized_CD34_Primary_Cells.ChromatinAccessibility.RO_01535.DS14197.twopass.merge150.wgt10.zgt2.wig		31	GSM595918
0.710	CD34_Mobilised;	Blood	UW.Mobilized_CD34_Primary_Cells.ChromatinAccessibility.RO_01536.DS12339.twopass.merge150.wgt10.zgt2.wig	rs12716852,rs1980057,rs4129267	32	GSM530652
-0.961	CD34_Mobilised;	Blood	UW.Mobilized_CD34_Primary_Cells.ChromatinAccessibility.RO_01549.DS12734.twopass.merge150.wgt10.zgt2.wig	rs2284746	33	GSM530657
-1.540	CD34_Mobilised;	Blood	UW.Mobilized_CD34_Primary_Cells.ChromatinAccessibility.RO_01562.DS13196.twopass.merge150.wgt10.zgt2.wig		34	GSM530663
-1.760	CD34_Mobilised;	Blood	UW.Mobilized_CD34_Primary_Cells.ChromatinAccessibility.RO_01701.DS17112.twopass.merge150.wgt10.zgt2.wig		35	GSM774208
-1.064	CD56_Mobilised;	Blood	UW.Mobilized_CD56_Primary_Cells.ChromatinAccessibility.RO_01689.DS16376.twopass.merge150.wgt10.zgt2.wig	rs12716852	36	GSM665820
-1.268	CD56	Blood	UW.CD56_Primary_Cells.ChromatinAccessibility.RO_01679.DS17189.twopass.merge150.wgt10.zgt2.wig		37	GSM665836
-1.450	CD56	Blood	UW.CD56_Primary_Cells.ChromatinAccessibility.RO_01701.DS17443.twopass.merge150.wgt10.zgt2.wig		38	GSM701508
2.421	Breast_vHMEC	Breast	UW.Breast_vHMEC.ChromatinAccessibility.RM035.DS18406.twopass.merge150.wgt10.zgt2.wig	rs10516526,rs2798641,rs4129267,rs6903823,rs993925,rs9978142	39	GSM753973
2.497	Breast_vHMEC	Breast	UW.Breast_vHMEC.ChromatinAccessibility.RM035.DS18438.twopass.merge150.wgt10.zgt2.wig	rs1036429,rs10516526,rs3817928,rs4129267,rs6903823,rs9978142	40	GSM753974
-0.069	H1	ES Cell	UW.H1.ChromatinAccessibility.DS18873.twopass.merge150.wgt10.zgt2.wig	rs10516526,rs11172113,rs2284746	41	GSM878616
-0.415	H1	ES Cell	UW.H1.ChromatinAccessibility.DS19100.twopass.merge150.wgt10.zgt2.wig	rs2284746	42	GSM878621
-0.197	H9	ES Cell	UW.H9.ChromatinAccessibility.DS18517.twopass.merge150.wgt10.zgt2.wig	rs10516526,rs11172113,rs2284746	43	GSM878612
0.774	H9	ES Cell	UW.H9.ChromatinAccessibility.DS18522.twopass.merge150.wgt10.zgt2.wig	rs10516526,rs11172113,rs2284746,rs4129267	44	GSM878613
3.058	Mesenchymal_Stem_Cells	ES Cell	UW.H1_Derived_Mesenchymal_Stem_Cells.ChromatinAccessibility.DS20671.twopass.merge150.wgt10.zgt2.wig	rs11172113,rs2284746,rs2798641,rs4129267,rs7068966,rs730532,rs993925	45	GSM906380
2.028	Mesenchymal_Stem_Cells	ES Cell	UW.H1_Derived_Mesenchymal_Stem_Cells.ChromatinAccessibility.DS21042.twopass.merge150.wgt10.zgt2.wig	rs2284746,rs2798641,rs4129267,rs7068966,rs730532,rs993925	46	GSM906381
-0.361	Mesendoderm_Cultured_Cells	ES Cell	UW.H1_BMP4_Derived_Mesendoderm_Cultured_Cells.ChromatinAccessibility.DS18732.twopass.merge150.wgt10.zgt2.wig	rs11172113,rs4129267	47	GSM817198
0.893	Mesendoderm_Cultured_Cells	ES Cell	UW.H1_BMP4_Derived_Mesendoderm_Cultured_Cells.ChromatinAccessibility.DS19310.twopass.merge150.wgt10.zgt2.wig	rs11172113,rs1551943,rs2284746,rs4129267	48	GSM817215
0.655	Neuronal_Progenitor_Cultured_Cells	ES Cell	UW.H1_Derived_Neuronal_Progenitor_Cultured_Cells.ChromatinAccessibility.DS18739.twopass.merge150.wgt10.zgt2.wig	rs11172113,rs12716852,rs2284746	49	GSM878615
-0.537	Neuronal_Progenitor_Cultured_Cells	ES Cell	UW.H1_Derived_Neuronal_Progenitor_Cultured_Cells.ChromatinAccessibility.DS20153.twopass.merge150.wgt10.zgt2.wig	rs11172113,rs2284746	50	GSM906379
2.219	Trophoblast_Cultured_Cells	ES Cell	UW.H1_BMP4_Derived_Trophoblast_Cultured_Cells.ChromatinAccessibility.DS18736.twopass.merge150.wgt10.zgt2.wig	rs10516526,rs11172113,rs1344555,rs1551943,rs1928168,rs3734729	51	GSM878614
2.502	Trophoblast_Cultured_Cells	ES Cell	UW.H1_BMP4_Derived_Trophoblast_Cultured_Cells.ChromatinAccessibility.DS19317.twopass.merge150.wgt10.zgt2.wig	rs10516526,rs11172113,rs1529672,rs1551943,rs2284746,rs3734729	52	GSM878628
1.556	Fetal_Adrenal_Gland	Fetal Adrenal	UW.Fetal_Adrenal_Gland.ChromatinAccessibility.H-22662.DS12528.twopass.merge150.wgt10.zgt2.wig	rs10516526,rs11001819,rs2284746,rs2798641,rs3817928,rs6903823	53	GSM530653
0.857	Fetal_Adrenal_Gland	Fetal Adrenal	UW.Fetal_Adrenal_Gland.ChromatinAccessibility.H-23769.DS17319.twopass.merge150.wgt10.zgt2.wig	rs11001819,rs2798641,rs2838815,rs6903823	54	GSM817165
-0.138	Fetal_Adrenal_Gland	Fetal Adrenal	UW.Fetal_Adrenal_Gland.ChromatinAccessibility.H-24409.DS20343.twopass.merge150.wgt10.zgt2.wig	rs11001819,rs2798641,rs3817928	55	GSM878658
-0.105	Fetal_Brain	Fetal Brain	UW.Fetal_Brain.ChromatinAccessibility.H-22510.DS11872.twopass.merge150.wgt10.zgt2.wig	rs2284746,rs2798641	56	GSM530651
-0.941	Fetal_Brain	Fetal Brain	UW.Fetal_Brain.ChromatinAccessibility.H-22510.DS11877.twopass.merge150.wgt10.zgt2.wig	rs2798641	57	GSM595913
0.324	Fetal_Brain	Fetal Brain	UW.Fetal_Brain.ChromatinAccessibility.H-22911.DS14464.twopass.merge150.wgt10.zgt2.wig	rs2284746,rs2798641,rs4129267	58	GSM595920
-0.260	Fetal_Brain	Fetal Brain	UW.Fetal_Brain.ChromatinAccessibility.H-23266.DS14717.twopass.merge150.wgt10.zgt2.wig	rs11001819,rs2798641,rs9978142	59	GSM595922
-0.634	Fetal_Brain	Fetal Brain	UW.Fetal_Brain.ChromatinAccessibility.H-23266.DS14718.twopass.merge150.wgt10.zgt2.wig	rs11001819,rs4129267	60	GSM595923
0.470	Fetal_Brain	Fetal Brain	UW.Fetal_Brain.ChromatinAccessibility.H-23284.DS14803.twopass.merge150.wgt10.zgt2.wig	rs2284746,rs2798641,rs4129267	61	GSM595926
0.391	Fetal_Brain	Fetal Brain	UW.Fetal_Brain.ChromatinAccessibility.H-23284.DS14815.twopass.merge150.wgt10.zgt2.wig	rs2284746,rs2798641,rs4129267	62	GSM595928
0.669	Fetal_Brain	Fetal Brain	UW.Fetal_Brain.ChromatinAccessibility.H-23399.DS15453.twopass.merge150.wgt10.zgt2.wig	rs11001819,rs1529672,rs2798641,rs4129267,rs9978142	63	GSM665804
-0.101	Fetal_Brain	Fetal Brain	UW.Fetal_Brain.ChromatinAccessibility.H-23548.DS16302.twopass.merge150.wgt10.zgt2.wig	rs11001819,rs1928168,rs2798641	64	GSM665819
-0.763	Fetal_Brain	Fetal Brain	UW.Fetal_Brain.ChromatinAccessibility.H-24279.DS20221.twopass.merge150.wgt10.zgt2.wig	rs2284746,rs2798641	65	GSM878650
0.202	Fetal_Brain	Fetal Brain	UW.Fetal_Brain.ChromatinAccessibility.H-24297.DS20226.twopass.merge150.wgt10.zgt2.wig	rs1928168,rs2284746,rs2798641	66	GSM878651
-1.063	Fetal_Brain	Fetal Brain	UW.Fetal_Brain.ChromatinAccessibility.H-24381.DS20231.twopass.merge150.wgt10.zgt2.wig	rs2798641	67	GSM878652
2.145	Fetal_Heart	Fetal Heart	UW.Fetal_Heart.ChromatinAccessibility.H-22662.DS12531.twopass.merge150.wgt10.zgt2.wig	rs11172113,rs2284746,rs2798641,rs6903823,rs7068966,rs730532	68	GSM530654
2.072	Fetal_Heart	Fetal Heart	UW.Fetal_Heart.ChromatinAccessibility.H-22727.DS12810.twopass.merge150.wgt10.zgt2.wig	rs11172113,rs1529672,rs2284746,rs2798641,rs3995090,rs7068966,rs730532	69	GSM530661
1.618	Fetal_Heart	Fetal Heart	UW.Fetal_Heart.ChromatinAccessibility.H-23468.DS15839.twopass.merge150.wgt10.zgt2.wig	rs10516526,rs11172113,rs2284746,rs2798641,rs2838815,rs7068966,rs730532	70	GSM665811
1.266	Fetal_Heart	Fetal Heart	UW.Fetal_Heart.ChromatinAccessibility.H-23500.DS16018.twopass.merge150.wgt10.zgt2.wig	rs1980057,rs2284746,rs2798641,rs6903823,rs7068966,rs730532	71	GSM665814
0.700	Fetal_Heart	Fetal Heart	UW.Fetal_Heart.ChromatinAccessibility.H-23524.DS16146.twopass.merge150.wgt10.zgt2.wig	rs11001819,rs2284746,rs2798641,rs7068966,rs730532	72	GSM665817
1.834	Fetal_Heart	Fetal Heart	UW.Fetal_Heart.ChromatinAccessibility.H-23589.DS16500.twopass.merge150.wgt10.zgt2.wig	rs11001819,rs11172113,rs1529672,rs2284746,rs2798641,rs3995090,rs7068966,rs730532	73	GSM665824
1.952	Fetal_Heart	Fetal Heart	UW.Fetal_Heart.ChromatinAccessibility.H-23604.DS16582.twopass.merge150.wgt10.zgt2.wig	rs11172113,rs1980057,rs2284746,rs2798641,rs4129267,rs7068966,rs730532	74	GSM665830
2.174	Fetal_Heart	Fetal Heart	UW.Fetal_Heart.ChromatinAccessibility.H-23617.DS16621.twopass.merge150.wgt10.zgt2.wig	rs11001819,rs11172113,rs1529672,rs1980057,rs2284746,rs2798641,rs7068966,rs730532	75	GSM665831
1.804	Fetal_Heart	Fetal Heart	UW.Fetal_Heart.ChromatinAccessibility.H-23663.DS16819.twopass.merge150.wgt10.zgt2.wig	rs11172113,rs1980057,rs2284746,rs2798641,rs4129267,rs7068966,rs730532	76	GSM774203
2.369	Fetal_Heart	Fetal Heart	UW.Fetal_Heart.ChromatinAccessibility.H-23744.DS19431.twopass.merge150.wgt10.zgt2.wig	rs11001819,rs1529672,rs1980057,rs2284746,rs2798641,rs4129267,rs7068966,rs730532	77	GSM817220
1.469	Fetal_Heart	Fetal Heart	UW.Fetal_Heart.ChromatinAccessibility.H-24042.DS19427.twopass.merge150.wgt10.zgt2.wig	rs11001819,rs2284746,rs2798641,rs4129267,rs7068966,rs730532	78	GSM878630
2.563	Fetal_Intestine_Large	Fetal Intestine, Large	UW.Fetal_Intestine_Large.ChromatinAccessibility.H-23500.DS16027.twopass.merge150.wgt10.zgt2.wig	rs12477314,rs1928168,rs2284746,rs2798641,rs3820928,rs4129267,rs730532	79	GSM665815
0.553	Fetal_Intestine_Large	Fetal Intestine, Large	UW.Fetal_Intestine_Large.ChromatinAccessibility.H-23524.DS16164.twopass.merge150.wgt10.zgt2.wig	rs10516526,rs12477314,rs2284746,rs4129267	80	GSM665818
1.519	Fetal_Intestine_Large	Fetal Intestine, Large	UW.Fetal_Intestine_Large.ChromatinAccessibility.H-23604.DS16563.twopass.merge150.wgt10.zgt2.wig	rs10516526,rs11172113,rs1928168,rs2284746,rs2798641,rs4129267	81	GSM665826
1.149	Fetal_Intestine_Large	Fetal Intestine, Large	UW.Fetal_Intestine_Large.ChromatinAccessibility.H-23744.DS17094.twopass.merge150.wgt10.zgt2.wig	rs2284746,rs2798641,rs3995090,rs4129267,rs7068966	82	GSM817162
2.054	Fetal_Intestine_Large	Fetal Intestine, Large	UW.Fetal_Intestine_Large.ChromatinAccessibility.H-23758.DS17157.twopass.merge150.wgt10.zgt2.wig	rs10516526,rs2284746,rs2798641,rs4129267,rs7068966	83	GSM701490
-0.592	Fetal_Intestine_Large	Fetal Intestine, Large	UW.Fetal_Intestine_Large.ChromatinAccessibility.H-23769.DS17313.twopass.merge150.wgt10.zgt2.wig	rs4129267,rs7068966	84	GSM701495
2.124	Fetal_Intestine_Large	Fetal Intestine, Large	UW.Fetal_Intestine_Large.ChromatinAccessibility.H-23808.DS17422.twopass.merge150.wgt10.zgt2.wig	rs10516526,rs2284746,rs2798641,rs3820928,rs4129267,rs7068966	85	GSM774213
-0.814	Fetal_Intestine_Large	Fetal Intestine, Large	UW.Fetal_Intestine_Large.ChromatinAccessibility.H-23833.DS17462.twopass.merge150.wgt10.zgt2.wig	rs2284746,rs4129267	86	GSM774214
-1.333	Fetal_Intestine_Large	Fetal Intestine, Large	UW.Fetal_Intestine_Large.ChromatinAccessibility.H-23855.DS17502.twopass.merge150.wgt10.zgt2.wig		87	GSM701514
0.527	Fetal_Intestine_Large	Fetal Intestine, Large	UW.Fetal_Intestine_Large.ChromatinAccessibility.H-23887.DS17647.twopass.merge150.wgt10.zgt2.wig	rs1928168,rs2284746,rs3820928,rs3867498,rs4129267	88	GSM774217
0.043	Fetal_Intestine_Large	Fetal Intestine, Large	UW.Fetal_Intestine_Large.ChromatinAccessibility.H-23914.DS17748.twopass.merge150.wgt10.zgt2.wig	rs2284746,rs2798641,rs4129267	89	GSM774220
-0.378	Fetal_Intestine_Large	Fetal Intestine, Large	UW.Fetal_Intestine_Large.ChromatinAccessibility.H-23941.DS17785.twopass.merge150.wgt10.zgt2.wig	rs2284746,rs4129267	90	GSM701531
1.380	Fetal_Intestine_Large	Fetal Intestine, Large	UW.Fetal_Intestine_Large.ChromatinAccessibility.H-23964.DS17841.twopass.merge150.wgt10.zgt2.wig	rs11172113,rs12477314,rs1928168,rs2284746,rs2798641,rs3734729,rs4129267	91	GSM774228
1.880	Fetal_Intestine_Large	Fetal Intestine, Large	UW.Fetal_Intestine_Large.ChromatinAccessibility.H-24005.DS17990.twopass.merge150.wgt10.zgt2.wig	rs11001819,rs12447804,rs2284746,rs2798641,rs3820928,rs4129267	92	GSM774233
1.489	Fetal_Intestine_Large	Fetal Intestine, Large	UW.Fetal_Intestine_Large.ChromatinAccessibility.H-24111.DS18499.twopass.merge150.wgt10.zgt2.wig	rs10516526,rs2284746,rs2798641,rs3820928,rs4129267,rs730532	93	GSM817188
0.110	Fetal_Intestine_Small	Fetal Intestine, Small	UW.Fetal_Intestine_Small.ChromatinAccessibility.H-23604.DS16559.twopass.merge150.wgt10.zgt2.wig	rs2284746,rs2798641,rs4129267,rs7068966	94	GSM665825
1.901	Fetal_Intestine_Small	Fetal Intestine, Small	UW.Fetal_Intestine_Small.ChromatinAccessibility.H-23640.DS16712.twopass.merge150.wgt10.zgt2.wig	rs10516526,rs2284746,rs2869967,rs4129267,rs7068966	95	GSM701487
3.106	Fetal_Intestine_Small	Fetal Intestine, Small	UW.Fetal_Intestine_Small.ChromatinAccessibility.H-23663.DS16822.twopass.merge150.wgt10.zgt2.wig	rs10516526,rs11001819,rs1928168,rs2284746,rs2798641,rs3820928,rs4129267,rs7068966	96	GSM665835
2.160	Fetal_Intestine_Small	Fetal Intestine, Small	UW.Fetal_Intestine_Small.ChromatinAccessibility.H-23724.DS16975.twopass.merge150.wgt10.zgt2.wig	rs1928168,rs2284746,rs2798641,rs3734729,rs4129267,rs7068966	97	GSM817161
-0.084	Fetal_Intestine_Small	Fetal Intestine, Small	UW.Fetal_Intestine_Small.ChromatinAccessibility.H-23744.DS17092.twopass.merge150.wgt10.zgt2.wig	rs2284746,rs2798641,rs4129267	98	GSM774205
1.661	Fetal_Intestine_Small	Fetal Intestine, Small	UW.Fetal_Intestine_Small.ChromatinAccessibility.H-23758.DS17150.twopass.merge150.wgt10.zgt2.wig	rs10516526,rs1541374,rs2284746,rs2798641,rs3734729,rs4129267	99	GSM774210
0.038	Fetal_Intestine_Small	Fetal Intestine, Small	UW.Fetal_Intestine_Small.ChromatinAccessibility.H-23769.DS17317.twopass.merge150.wgt10.zgt2.wig	rs10516526,rs2284746,rs4129267	100	GSM701496
-1.838	Fetal_Intestine_Small	Fetal Intestine, Small	UW.Fetal_Intestine_Small.ChromatinAccessibility.H-23808.DS17425.twopass.merge150.wgt10.zgt2.wig		101	GSM701504
-0.264	Fetal_Intestine_Small	Fetal Intestine, Small	UW.Fetal_Intestine_Small.ChromatinAccessibility.H-23864.DS17844.twopass.merge150.wgt10.zgt2.wig	rs2284746,rs2798641,rs4129267	102	GSM774229
2.873	Fetal_Intestine_Small	Fetal Intestine, Small	UW.Fetal_Intestine_Small.ChromatinAccessibility.H-23887.DS17643.twopass.merge150.wgt10.zgt2.wig	rs10516526,rs1551943,rs2284746,rs2798641,rs3820928,rs4129267,rs6903823,rs7068966	103	GSM774216
1.530	Fetal_Intestine_Small	Fetal Intestine, Small	UW.Fetal_Intestine_Small.ChromatinAccessibility.H-23914.DS17763.twopass.merge150.wgt10.zgt2.wig	rs10516526,rs12899618,rs2284746,rs2798641,rs4129267	104	GSM701530
0.788	Fetal_Intestine_Small	Fetal Intestine, Small	UW.Fetal_Intestine_Small.ChromatinAccessibility.H-23941.DS17808.twopass.merge150.wgt10.zgt2.wig	rs2284746,rs2798641,rs3820928,rs4129267,rs7068966	105	GSM774225
2.382	Fetal_Intestine_Small	Fetal Intestine, Small	UW.Fetal_Intestine_Small.ChromatinAccessibility.H-24111.DS18495.twopass.merge150.wgt10.zgt2.wig	rs1551943,rs1928168,rs2284746,rs2798641,rs3820928,rs4129267,rs7068966	106	GSM817187
0.542	Fetal_Kidney_Left	Fetal Kidney	UW.Fetal_Kidney_Left.ChromatinAccessibility.H-23589.DS16446.twopass.merge150.wgt10.zgt2.wig	rs12477314,rs2284746,rs2798641,rs730532	107	GSM665822
1.993	Fetal_Kidney_Left	Fetal Kidney	UW.Fetal_Kidney_Left.ChromatinAccessibility.H-23604.DS16579.twopass.merge150.wgt10.zgt2.wig	rs11172113,rs12477314,rs2284746,rs2798641,rs3734729,rs3820928,rs730532,rs993925	108	GSM665829
1.782	Fetal_Kidney_Left	Fetal Kidney	UW.Fetal_Kidney_Left.ChromatinAccessibility.H-23640.DS16805.twopass.merge150.wgt10.zgt2.wig	rs11172113,rs12477314,rs2284746,rs2798641,rs3734729,rs4129267	109	GSM665834
1.658	Fetal_Kidney_Left	Fetal Kidney	UW.Fetal_Kidney_Left.ChromatinAccessibility.H-23758.DS17140.twopass.merge150.wgt10.zgt2.wig	rs11172113,rs12477314,rs1928168,rs2284746,rs2798641,rs3734729	110	GSM774209
-0.432	Fetal_Kidney_Left	Fetal Kidney	UW.Fetal_Kidney_Left.ChromatinAccessibility.H-24089.DS18466.twopass.merge150.wgt10.zgt2.wig	rs12477314,rs2284746,rs2798641	111	GSM817181
0.584	Fetal_Kidney_Right	Fetal Kidney	UW.Fetal_Kidney_Right.ChromatinAccessibility.H-23435.DS15651.twopass.merge150.wgt10.zgt2.wig	rs11001819,rs12477314,rs2284746,rs2798641,rs3734729	112	GSM665810
2.858	Fetal_Kidney_Right	Fetal Kidney	UW.Fetal_Kidney_Right.ChromatinAccessibility.H-23589.DS16441.twopass.merge150.wgt10.zgt2.wig	rs11172113,rs12477314,rs1529672,rs2284746,rs2798641,rs3734729,rs3820928,rs7068966,rs730532	113	GSM665821
1.962	Fetal_Kidney_Right	Fetal Kidney	UW.Fetal_Kidney_Right.ChromatinAccessibility.H-23640.DS16801.twopass.merge150.wgt10.zgt2.wig	rs10516526,rs12477314,rs1529672,rs2284746,rs2798641,rs3734729,rs3820928,rs730532	114	GSM665833
1.393	Fetal_Kidney_Right	Fetal Kidney	UW.Fetal_Kidney_Right.ChromatinAccessibility.H-23758.DS17144.twopass.merge150.wgt10.zgt2.wig	rs12477314,rs1551943,rs2284746,rs2798641,rs3734729,rs9310995	115	GSM817163
1.819	Fetal_Kidney_Right	Fetal Kidney	UW.Fetal_Kidney_Right.ChromatinAccessibility.H-24089.DS18463.twopass.merge150.wgt10.zgt2.wig	rs12477314,rs1541374,rs2284746,rs2798641,rs3734729,rs4129267,rs730532	116	GSM817180
1.792	Fetal_Kidney	Fetal Kidney	UW.Fetal_Kidney.ChromatinAccessibility.H-22337.DS10986.twopass.merge150.wgt10.zgt2.wig	rs11172113,rs1928168,rs2284746,rs2798641,rs4129267,rs730532	117	GSM493385
0.780	Fetal_Kidney	Fetal Kidney	UW.Fetal_Kidney.ChromatinAccessibility.H-22676.DS12635.twopass.merge150.wgt10.zgt2.wig	rs12477314,rs2284746,rs2798641,rs3820928	118	GSM530655
2.268	Fetal_Kidney	Fetal Kidney	UW.Fetal_Kidney.ChromatinAccessibility.H-23524.DS16139.twopass.merge150.wgt10.zgt2.wig	rs10516526,rs12477314,rs12899618,rs2284746,rs2798641,rs3820928,rs730532,rs9310995	119	GSM665816
0.755	Fetal_Kidney	Fetal Kidney	UW.Fetal_Kidney.ChromatinAccessibility.H-23663.DS16837.twopass.merge150.wgt10.zgt2.wig	rs12477314,rs2284746,rs2798641,rs3820928,rs7068966	120	GSM817159
2.901	Fetal_Kidney	Fetal Kidney	UW.Fetal_Kidney.ChromatinAccessibility.H-23855.DS17522.twopass.merge150.wgt10.zgt2.wig	rs10516526,rs12477314,rs1541374,rs2284746,rs2798641,rs3820928,rs6903823,rs7068966,rs730532,rs9310995	121	GSM701515
2.601	Fetal_Kidney	Fetal Kidney	UW.Fetal_Kidney.ChromatinAccessibility.H-23914.DS17753.twopass.merge150.wgt10.zgt2.wig	rs12447804,rs12477314,rs1529672,rs2284746,rs2798641,rs3734729,rs3820928	122	GSM774221
3.419	Fetal_Kidney	Fetal Kidney	UW.Fetal_Kidney.ChromatinAccessibility.H-24507.DS20564.twopass.merge150.wgt10.zgt2.wig	rs12477314,rs1541374,rs1928168,rs2284746,rs2798641,rs3734729,rs4129267,rs730532	123	GSM878666
4.994	Fetal_Lung_Left	Fetal Lung	UW.Fetal_Lung_Left.ChromatinAccessibility.H-23435.DS15637.twopass.merge150.wgt10.zgt2.wig	rs10516526,rs12477314,rs1541374,rs1928168,rs1980057,rs2284746,rs2798641,rs4129267,rs7068966,rs730532,rs993925,rs9978142	124	GSM665808
4.275	Fetal_Lung_Left	Fetal Lung	UW.Fetal_Lung_Left.ChromatinAccessibility.H-23604.DS16570.twopass.merge150.wgt10.zgt2.wig	rs11172113,rs12477314,rs12899618,rs1541374,rs1928168,rs2284746,rs2798641,rs3995090,rs4129267,rs7068966,rs730532,rs993925	125	GSM665828
4.481	Fetal_Lung_Left	Fetal Lung	UW.Fetal_Lung_Left.ChromatinAccessibility.H-23640.DS18170.twopass.merge150.wgt10.zgt2.wig	rs10516526,rs12477314,rs12899618,rs1928168,rs1980057,rs2284746,rs2571445,rs2798641,rs4129267,rs7068966,rs730532,rs993925	126	GSM774237
2.998	Fetal_Lung_Left	Fetal Lung	UW.Fetal_Lung_Left.ChromatinAccessibility.H-23744.DS17105.twopass.merge150.wgt10.zgt2.wig	rs10516526,rs12477314,rs1928168,rs1980057,rs2284746,rs2798641,rs7068966,rs730532,rs993925	127	GSM774207
3.692	Fetal_Lung_Left	Fetal Lung	UW.Fetal_Lung_Left.ChromatinAccessibility.H-23758.DS17154.twopass.merge150.wgt10.zgt2.wig	rs11001819,rs11172113,rs12477314,rs1541374,rs1928168,rs1980057,rs2284746,rs2798641,rs4129267,rs7068966,rs993925,rs9978142	128	GSM774211
4.481	Fetal_Lung_Left	Fetal Lung	UW.Fetal_Lung_Left.ChromatinAccessibility.H-23833.DS17464.twopass.merge150.wgt10.zgt2.wig	rs11172113,rs12477314,rs1541374,rs1928168,rs1980057,rs2284746,rs2798641,rs3995090,rs4129267,rs7068966,rs730532,rs993925	129	GSM701512
4.492	Fetal_Lung_Left	Fetal Lung	UW.Fetal_Lung_Left.ChromatinAccessibility.H-23887.DS17674.twopass.merge150.wgt10.zgt2.wig	rs11001819,rs12477314,rs1928168,rs1980057,rs2284746,rs2798641,rs4129267,rs7068966,rs993925	130	GSM701524
3.973	Fetal_Lung_Left	Fetal Lung	UW.Fetal_Lung_Left.ChromatinAccessibility.H-23914.DS17739.twopass.merge150.wgt10.zgt2.wig	rs12477314,rs1928168,rs1980057,rs2284746,rs2798641,rs7068966,rs993925,rs9978142	131	GSM701527
3.119	Fetal_Lung_Left	Fetal Lung	UW.Fetal_Lung_Left.ChromatinAccessibility.H-23964.DS17835.twopass.merge150.wgt10.zgt2.wig	rs12477314,rs1928168,rs2284746,rs4129267,rs7068966,rs993925	132	GSM701534
3.283	Fetal_Lung_Left	Fetal Lung	UW.Fetal_Lung_Left.ChromatinAccessibility.H-24005.DS17959.twopass.merge150.wgt10.zgt2.wig	rs11172113,rs12477314,rs1928168,rs1980057,rs2284746,rs2798641,rs7068966,rs730532,rs993925	133	GSM817168
3.792	Fetal_Lung_Left	Fetal Lung	UW.Fetal_Lung_Left.ChromatinAccessibility.H-24089.DS18421.twopass.merge150.wgt10.zgt2.wig	rs10516526,rs11172113,rs12477314,rs1928168,rs1980057,rs2284746,rs2798641,rs4129267,rs7068966,rs730532,rs993925	134	GSM817175
5.381	Fetal_Lung_Left	Fetal Lung	UW.Fetal_Lung_Left.ChromatinAccessibility.H-24111.DS18487.twopass.merge150.wgt10.zgt2.wig	rs11001819,rs12477314,rs12899618,rs1541374,rs1928168,rs1980057,rs2284746,rs2798641,rs3817928,rs3995090,rs4129267,rs7068966,rs730532,rs993925,rs9978142	135	GSM817185
4.392	Fetal_Lung_Right	Fetal Lung	UW.Fetal_Lung_Right.ChromatinAccessibility.H-23435.DS15632.twopass.merge150.wgt10.zgt2.wig	rs10516526,rs12477314,rs1529672,rs1541374,rs1928168,rs1980057,rs2284746,rs2798641,rs7068966,rs993925	136	GSM665807
3.235	Fetal_Lung_Right	Fetal Lung	UW.Fetal_Lung_Right.ChromatinAccessibility.H-23604.DS16566.twopass.merge150.wgt10.zgt2.wig	rs11172113,rs12477314,rs1928168,rs1980057,rs2284746,rs2798641,rs7068966,rs993925,rs9978142	137	GSM665827
3.073	Fetal_Lung_Right	Fetal Lung	UW.Fetal_Lung_Right.ChromatinAccessibility.H-23640.DS16790.twopass.merge150.wgt10.zgt2.wig	rs12447804,rs12477314,rs1928168,rs1980057,rs2284746,rs2798641,rs4129267,rs7068966,rs993925	138	GSM665832
4.429	Fetal_Lung_Right	Fetal Lung	UW.Fetal_Lung_Right.ChromatinAccessibility.H-23744.DS17101.twopass.merge150.wgt10.zgt2.wig	rs11001819,rs11172113,rs12477314,rs1928168,rs2284746,rs2798641,rs2865531,rs4129267,rs7068966,rs730532,rs993925	139	GSM774206
3.452	Fetal_Lung_Right	Fetal Lung	UW.Fetal_Lung_Right.ChromatinAccessibility.H-23758.DS17162.twopass.merge150.wgt10.zgt2.wig	rs11172113,rs12477314,rs1541374,rs1928168,rs2284746,rs2798641,rs7068966,rs730532,rs993925	140	GSM817164
4.110	Fetal_Lung_Right	Fetal Lung	UW.Fetal_Lung_Right.ChromatinAccessibility.H-23887.DS17670.twopass.merge150.wgt10.zgt2.wig	rs10516526,rs11001819,rs12477314,rs1928168,rs1980057,rs2284746,rs2798641,rs4129267,rs7068966,rs993925	141	GSM701523
3.017	Fetal_Lung_Right	Fetal Lung	UW.Fetal_Lung_Right.ChromatinAccessibility.H-23964.DS17831.twopass.merge150.wgt10.zgt2.wig	rs12477314,rs12899618,rs1541374,rs1928168,rs1980057,rs2284746,rs2798641,rs7068966,rs730532,rs993925	142	GSM774227
3.777	Fetal_Lung_Right	Fetal Lung	UW.Fetal_Lung_Right.ChromatinAccessibility.H-24005.DS17954.twopass.merge150.wgt10.zgt2.wig	rs11172113,rs12477314,rs1928168,rs1980057,rs2284746,rs2798641,rs4129267,rs7068966,rs730532,rs993925	143	GSM774231
2.396	Fetal_Lung_Right	Fetal Lung	UW.Fetal_Lung_Right.ChromatinAccessibility.H-24089.DS18418.twopass.merge150.wgt10.zgt2.wig	rs12477314,rs1541374,rs1928168,rs2284746,rs2798641,rs4129267,rs7068966,rs730532,rs993925	144	GSM817174
5.076	Fetal_Lung_Right	Fetal Lung	UW.Fetal_Lung_Right.ChromatinAccessibility.H-24111.DS18492.twopass.merge150.wgt10.zgt2.wig	rs10516526,rs12477314,rs12899618,rs1541374,rs1928168,rs1980057,rs2284746,rs2798641,rs3734729,rs4129267,rs7068966,rs730532,rs993925,rs9978142	145	GSM817186
3.753	Fetal_Lung	Fetal Lung	UW.Fetal_Lung.ChromatinAccessibility.H-22676.DS12646.twopass.merge150.wgt10.zgt2.wig	rs12477314,rs1928168,rs2284746,rs2798641,rs4129267,rs7068966,rs993925	146	GSM530656
5.013	Fetal_Lung	Fetal Lung	UW.Fetal_Lung.ChromatinAccessibility.H-22727.DS12817.twopass.merge150.wgt10.zgt2.wig	rs10516526,rs11172113,rs12477314,rs1529672,rs1928168,rs1980057,rs2284746,rs2798641,rs4129267,rs7068966,rs730532,rs993925	147	GSM530662
4.000	Fetal_Lung	Fetal Lung	UW.Fetal_Lung.ChromatinAccessibility.H-22934B.DS13507.twopass.merge150.wgt10.zgt2.wig	rs10516526,rs11001819,rs12477314,rs1541374,rs1928168,rs1980057,rs2284746,rs2798641,rs4129267,rs7068966,rs993925	148	GSM595915
4.467	Fetal_Lung	Fetal Lung	UW.Fetal_Lung.ChromatinAccessibility.H-23090.DS13985.twopass.merge150.wgt10.zgt2.wig	rs11001819,rs12477314,rs1529672,rs1928168,rs1980057,rs2284746,rs2798641,rs7068966,rs730532,rs993925,rs9978142	149	GSM595916
2.255	Fetal_Lung	Fetal Lung	UW.Fetal_Lung.ChromatinAccessibility.H-23247.DS14666.twopass.merge150.wgt10.zgt2.wig	rs11172113,rs12477314,rs1928168,rs2284746,rs7068966,rs993925	150	GSM595921
4.922	Fetal_Lung	Fetal Lung	UW.Fetal_Lung.ChromatinAccessibility.H-23266.DS14724.twopass.merge150.wgt10.zgt2.wig	rs11001819,rs11172113,rs12477314,rs1928168,rs1980057,rs2284746,rs2798641,rs4129267,rs7068966,rs993925	151	GSM595924
3.488	Fetal_Lung	Fetal Lung	UW.Fetal_Lung.ChromatinAccessibility.H-23266.DS14751.twopass.merge150.wgt10.zgt2.wig	rs12477314,rs12899618,rs1928168,rs1980057,rs2284746,rs2798641,rs7068966,rs993925,rs9978142	152	GSM595925
3.480	Fetal_Lung	Fetal Lung	UW.Fetal_Lung.ChromatinAccessibility.H-23284.DS14809.twopass.merge150.wgt10.zgt2.wig	rs12477314,rs1928168,rs2284746,rs2798641,rs4129267,rs7068966,rs993925	153	GSM595927
2.219	Fetal_Lung	Fetal Lung	UW.Fetal_Lung.ChromatinAccessibility.H-23284.DS14820.twopass.merge150.wgt10.zgt2.wig	rs12477314,rs1928168,rs2284746,rs4129267,rs7068966,rs993925	154	GSM595929
3.664	Fetal_Lung	Fetal Lung	UW.Fetal_Lung.ChromatinAccessibility.H-23365.DS15227.twopass.merge150.wgt10.zgt2.wig	rs12477314,rs1928168,rs1980057,rs2284746,rs2571445,rs2798641,rs7068966,rs993925,rs9978142	155	GSM595930
4.398	Fetal_Lung	Fetal Lung	UW.Fetal_Lung.ChromatinAccessibility.H-23399.DS15461.twopass.merge150.wgt10.zgt2.wig	rs12477314,rs12716852,rs1541374,rs1928168,rs2284746,rs2798641,rs4129267,rs6903823,rs7068966,rs730532,rs993925	156	GSM665805
6.968	Fetal_Lung	Fetal Lung	UW.Fetal_Lung.ChromatinAccessibility.H-23419.DS15573.twopass.merge150.wgt10.zgt2.wig	rs10516526,rs11001819,rs11172113,rs12477314,rs1529672,rs1928168,rs1980057,rs2284746,rs2798641,rs3817928,rs3995090,rs7068966,rs730532,rs993925,rs9978142	157	GSM665806
2.339	Fetal_Muscle_Arm	Fetal Muscle	UW.Fetal_Muscle_Arm.ChromatinAccessibility.H-23808.DS17432.twopass.merge150.wgt10.zgt2.wig	rs11001819,rs11172113,rs1541374,rs1928168,rs2284746,rs2798641,rs4129267	158	GSM701506
0.781	Fetal_Muscle_Arm	Fetal Muscle	UW.Fetal_Muscle_Arm.ChromatinAccessibility.H-23914.DS17765.twopass.merge150.wgt10.zgt2.wig	rs11001819,rs11172113,rs1928168,rs2284746,rs2798641,rs4129267,rs730532	159	GSM774223
1.204	Fetal_Muscle_Arm	Fetal Muscle	UW.Fetal_Muscle_Arm.ChromatinAccessibility.H-23941.DS17825.twopass.merge150.wgt10.zgt2.wig	rs1928168,rs2284746,rs2544527,rs2798641,rs4129267,rs7068966	160	GSM774226
1.524	Fetal_Muscle_Arm	Fetal Muscle	UW.Fetal_Muscle_Arm.ChromatinAccessibility.H-23964.DS17848.twopass.merge150.wgt10.zgt2.wig	rs11001819,rs1928168,rs2284746,rs2798641,rs4129267,rs9978142	161	GSM701535
3.406	Fetal_Muscle_Arm	Fetal Muscle	UW.Fetal_Muscle_Arm.ChromatinAccessibility.H-24005.DS18080.twopass.merge150.wgt10.zgt2.wig	rs11001819,rs11172113,rs12477314,rs1529672,rs1928168,rs2284746,rs2798641,rs4129267,rs6903823,rs7068966,rs730532,rs9978142	162	GSM774234
1.919	Fetal_Muscle_Arm	Fetal Muscle	UW.Fetal_Muscle_Arm.ChromatinAccessibility.H-24042.DS18176.twopass.merge150.wgt10.zgt2.wig	rs11001819,rs1928168,rs2284746,rs2395730,rs2798641,rs4129267,rs9978142	163	GSM774239
2.283	Fetal_Muscle_Arm	Fetal Muscle	UW.Fetal_Muscle_Arm.ChromatinAccessibility.H-24078.DS18379.twopass.merge150.wgt10.zgt2.wig	rs1928168,rs2284746,rs2798641,rs3817928,rs4129267,rs6903823	164	GSM878610
2.156	Fetal_Muscle_Arm	Fetal Muscle	UW.Fetal_Muscle_Arm.ChromatinAccessibility.H-24089.DS18452.twopass.merge150.wgt10.zgt2.wig	rs11001819,rs12477314,rs1928168,rs2284746,rs2798641,rs4129267,rs730532,rs9978142	165	GSM817178
2.553	Fetal_Muscle_Arm	Fetal Muscle	UW.Fetal_Muscle_Arm.ChromatinAccessibility.H-24111.DS18473.twopass.merge150.wgt10.zgt2.wig	rs11001819,rs11172113,rs1928168,rs2284746,rs2798641,rs3995090,rs4129267,rs730532,rs9978142	166	GSM817184
1.999	Fetal_Muscle_Arm	Fetal Muscle	UW.Fetal_Muscle_Arm.ChromatinAccessibility.H-24125.DS18559.twopass.merge150.wgt10.zgt2.wig	rs11001819,rs11172113,rs1928168,rs2284746,rs2798641,rs4129267,rs7068966	167	GSM817191
2.652	Fetal_Muscle_Arm	Fetal Muscle	UW.Fetal_Muscle_Arm.ChromatinAccessibility.H-24143.DS18992.twopass.merge150.wgt10.zgt2.wig	rs11001819,rs12477314,rs1928168,rs2284746,rs2798641,rs4129267,rs730532	168	GSM878618
1.262	Fetal_Muscle_Arm	Fetal Muscle	UW.Fetal_Muscle_Arm.ChromatinAccessibility.H-24198.DS19051.twopass.merge150.wgt10.zgt2.wig	rs1928168,rs2284746,rs2798641,rs4129267,rs7068966	169	GSM878619
1.331	Fetal_Muscle_Arm	Fetal Muscle	UW.Fetal_Muscle_Arm.ChromatinAccessibility.H-24218.DS19053.twopass.merge150.wgt10.zgt2.wig	rs11001819,rs1928168,rs2284746,rs2798641,rs4129267,rs730532	170	GSM878620
3.216	Fetal_Muscle_Arm	Fetal Muscle	UW.Fetal_Muscle_Arm.ChromatinAccessibility.H-24244.DS19270.twopass.merge150.wgt10.zgt2.wig	rs11001819,rs11172113,rs12477314,rs1928168,rs2284746,rs2395730,rs2798641,rs4129267,rs730532	171	GSM878625
2.169	Fetal_Muscle_Arm	Fetal Muscle	UW.Fetal_Muscle_Arm.ChromatinAccessibility.H-24259.DS19295.twopass.merge150.wgt10.zgt2.wig	rs11001819,rs12477314,rs1928168,rs2284746,rs2798641,rs4129267,rs730532	172	GSM817214
2.305	Fetal_Muscle_Arm	Fetal Muscle	UW.Fetal_Muscle_Arm.ChromatinAccessibility.H-24272.DS19380.twopass.merge150.wgt10.zgt2.wig	rs11001819,rs11172113,rs1551943,rs1928168,rs2284746,rs2798641,rs4129267,rs730532	173	GSM817216
2.476	Fetal_Muscle_Arm	Fetal Muscle	UW.Fetal_Muscle_Arm.ChromatinAccessibility.H-24297.DS19646.twopass.merge150.wgt10.zgt2.wig	rs11001819,rs12477314,rs1928168,rs2284746,rs2798641,rs4129267,rs7068966	174	GSM878638
2.338	Fetal_Muscle_Back	Fetal Muscle	UW.Fetal_Muscle_Back.ChromatinAccessibility.H-23914.DS17767.twopass.merge150.wgt10.zgt2.wig	rs11001819,rs11172113,rs1928168,rs2277027,rs2284746,rs2798641,rs3734729,rs4129267,rs730532,rs9978142	175	GSM774224
3.493	Fetal_Muscle_Back	Fetal Muscle	UW.Fetal_Muscle_Back.ChromatinAccessibility.H-23964.DS17850.twopass.merge150.wgt10.zgt2.wig	rs11001819,rs11172113,rs12477314,rs1928168,rs2284746,rs2798641,rs4129267,rs7068966,rs730532	176	GSM701536
2.139	Fetal_Muscle_Back	Fetal Muscle	UW.Fetal_Muscle_Back.ChromatinAccessibility.H-24005.DS18083.twopass.merge150.wgt10.zgt2.wig	rs11001819,rs11172113,rs1928168,rs2284746,rs2798641,rs4129267,rs7068966,rs730532,rs9978142	177	GSM774235
3.362	Fetal_Muscle_Back	Fetal Muscle	UW.Fetal_Muscle_Back.ChromatinAccessibility.H-24078.DS18377.twopass.merge150.wgt10.zgt2.wig	rs11001819,rs11172113,rs1928168,rs2277027,rs2284746,rs2798641,rs4129267,rs730532,rs9978142	178	GSM817171
1.647	Fetal_Muscle_Back	Fetal Muscle	UW.Fetal_Muscle_Back.ChromatinAccessibility.H-24089.DS18454.twopass.merge150.wgt10.zgt2.wig	rs11172113,rs2284746,rs2395730,rs2798641,rs4129267,rs730532	179	GSM878611
2.225	Fetal_Muscle_Back	Fetal Muscle	UW.Fetal_Muscle_Back.ChromatinAccessibility.H-24111.DS18468.twopass.merge150.wgt10.zgt2.wig	rs11001819,rs11172113,rs1928168,rs2284746,rs2798641,rs4129267,rs730532,rs9978142	180	GSM817182
2.902	Fetal_Muscle_Back	Fetal Muscle	UW.Fetal_Muscle_Back.ChromatinAccessibility.H-24143.DS18842.twopass.merge150.wgt10.zgt2.wig	rs11001819,rs11172113,rs1928168,rs2284746,rs2798641,rs4129267,rs7068966,rs730532,rs9978142	181	GSM817200
1.748	Fetal_Muscle_Back	Fetal Muscle	UW.Fetal_Muscle_Back.ChromatinAccessibility.H-24218.DS19117.twopass.merge150.wgt10.zgt2.wig	rs11172113,rs1928168,rs2798641,rs4129267,rs730532,rs9978142	182	GSM817207
2.242	Fetal_Muscle_Back	Fetal Muscle	UW.Fetal_Muscle_Back.ChromatinAccessibility.H-24244.DS19283.twopass.merge150.wgt10.zgt2.wig	rs11001819,rs11172113,rs12477314,rs2284746,rs2798641,rs4129267,rs7068966	183	GSM817212
2.676	Fetal_Muscle_Back	Fetal Muscle	UW.Fetal_Muscle_Back.ChromatinAccessibility.H-24272.DS19384.twopass.merge150.wgt10.zgt2.wig	rs11001819,rs11172113,rs1529672,rs1928168,rs2284746,rs2798641,rs4129267,rs7068966,rs730532	184	GSM817217
1.983	Fetal_Muscle_Back	Fetal Muscle	UW.Fetal_Muscle_Back.ChromatinAccessibility.H-24279.DS19441.twopass.merge150.wgt10.zgt2.wig	rs11172113,rs1529672,rs1928168,rs2284746,rs2798641,rs4129267,rs730532	185	GSM878632
2.684	Fetal_Muscle_Back	Fetal Muscle	UW.Fetal_Muscle_Back.ChromatinAccessibility.H-24297.DS19648.twopass.merge150.wgt10.zgt2.wig	rs11001819,rs11172113,rs12477314,rs1529672,rs1928168,rs2284746,rs2798641,rs4129267,rs730532	186	GSM878639
3.623	Fetal_Muscle_Back	Fetal Muscle	UW.Fetal_Muscle_Back.ChromatinAccessibility.H-24409.DS20244.twopass.merge150.wgt10.zgt2.wig	rs11001819,rs11172113,rs1928168,rs2284746,rs2798641,rs3734729,rs4129267,rs7068966,rs730532	187	GSM878655
2.732	Fetal_Muscle_Leg	Fetal Muscle	UW.Fetal_Muscle_Leg.ChromatinAccessibility.H-23808.DS17429.twopass.merge150.wgt10.zgt2.wig	rs11001819,rs1928168,rs2284746,rs2798641,rs4129267,rs7068966,rs730532,rs9978142	188	GSM701505
0.795	Fetal_Muscle_Leg	Fetal Muscle	UW.Fetal_Muscle_Leg.ChromatinAccessibility.H-24078.DS18386.twopass.merge150.wgt10.zgt2.wig	rs1928168,rs2284746,rs2571445,rs2798641	189	GSM774242
0.712	Fetal_Muscle_Leg	Fetal Muscle	UW.Fetal_Muscle_Leg.ChromatinAccessibility.H-24089.DS18456.twopass.merge150.wgt10.zgt2.wig	rs1928168,rs2284746,rs2798641,rs4129267,rs730532	190	GSM817179
1.897	Fetal_Muscle_Leg	Fetal Muscle	UW.Fetal_Muscle_Leg.ChromatinAccessibility.H-24111.DS18471.twopass.merge150.wgt10.zgt2.wig	rs11001819,rs11172113,rs1928168,rs2284746,rs2798641,rs4129267,rs7068966,rs9978142	191	GSM817183
3.222	Fetal_Muscle_Leg	Fetal Muscle	UW.Fetal_Muscle_Leg.ChromatinAccessibility.H-24143.DS18844.twopass.merge150.wgt10.zgt2.wig	rs11001819,rs1928168,rs2284746,rs2798641,rs4129267,rs730532	192	GSM817201
2.791	Fetal_Muscle_Leg	Fetal Muscle	UW.Fetal_Muscle_Leg.ChromatinAccessibility.H-24198.DS19158.twopass.merge150.wgt10.zgt2.wig	rs11001819,rs1928168,rs2284746,rs2798641,rs2869967,rs4129267,rs7068966,rs730532,rs9978142	193	GSM878622
2.690	Fetal_Muscle_Leg	Fetal Muscle	UW.Fetal_Muscle_Leg.ChromatinAccessibility.H-24218.DS19115.twopass.merge150.wgt10.zgt2.wig	rs11001819,rs11172113,rs1928168,rs2284746,rs2798641,rs7068966,rs730532,rs993925	194	GSM817206
2.629	Fetal_Muscle_Leg	Fetal Muscle	UW.Fetal_Muscle_Leg.ChromatinAccessibility.H-24244.DS19272.twopass.merge150.wgt10.zgt2.wig	rs11001819,rs11172113,rs12477314,rs1928168,rs2284746,rs2798641,rs4129267,rs7068966,rs730532	195	GSM878626
3.310	Fetal_Muscle_Leg	Fetal Muscle	UW.Fetal_Muscle_Leg.ChromatinAccessibility.H-24259.DS19291.twopass.merge150.wgt10.zgt2.wig	rs11001819,rs11172113,rs1928168,rs2284746,rs2798641,rs4129267,rs7068966,rs730532	196	GSM817213
0.757	Fetal_Muscle_Leg	Fetal Muscle	UW.Fetal_Muscle_Leg.ChromatinAccessibility.H-24279.DS19436.twopass.merge150.wgt10.zgt2.wig	rs11172113,rs1928168,rs2284746,rs2798641,rs730532	197	GSM878631
3.651	Fetal_Muscle_Leg	Fetal Muscle	UW.Fetal_Muscle_Leg.ChromatinAccessibility.H-24297.DS19643.twopass.merge150.wgt10.zgt2.wig	rs11001819,rs11172113,rs1529672,rs1928168,rs2284746,rs2798641,rs4129267,rs7068966,rs730532	198	GSM878637
1.558	Fetal_Muscle_Leg	Fetal Muscle	UW.Fetal_Muscle_Leg.ChromatinAccessibility.H-24409.DS20239.twopass.merge150.wgt10.zgt2.wig	rs11001819,rs1928168,rs2284746,rs2798641,rs4129267,rs7068966,rs730532	199	GSM878653
2.480	Fetal_Muscle_Lower_Limb_Skeletal	Fetal Muscle	UW.Fetal_Muscle_Lower_Limb_Skeletal.ChromatinAccessibility.H-24042.DS18174.twopass.merge150.wgt10.zgt2.wig	rs11001819,rs11172113,rs12899618,rs1928168,rs2284746,rs2798641,rs4129267,rs6903823,rs7068966,rs730532	200	GSM774238
0.935	Fetal_Muscle_Trunk	Fetal Muscle	UW.Fetal_Muscle_Trunk.ChromatinAccessibility.H-23941.DS17827.twopass.merge150.wgt10.zgt2.wig	rs1928168,rs2284746,rs2798641,rs4129267,rs7068966	201	GSM701533
2.024	Fetal_Muscle_Trunk	Fetal Muscle	UW.Fetal_Muscle_Trunk.ChromatinAccessibility.H-24409.DS20242.twopass.merge150.wgt10.zgt2.wig	rs11001819,rs11172113,rs1928168,rs2284746,rs2798641,rs4129267,rs730532	202	GSM878654
1.574	Fetal_Muscle_Trunk	Fetal Muscle	UW.Fetal_Muscle_Trunk.ChromatinAccessibility.H-24507.DS20544.twopass.merge150.wgt10.zgt2.wig	rs11001819,rs1928168,rs2284746,rs2798641,rs4129267,rs730532	203	GSM878664
1.856	Fetal_Muscle_Upper_Limb_Skeletal	Fetal Muscle	UW.Fetal_Muscle_Upper_Limb_Skeletal.ChromatinAccessibility.H-23887.DS17661.twopass.merge150.wgt10.zgt2.wig	rs11001819,rs1928168,rs2277027,rs2284746,rs2798641,rs4129267	204	GSM701522
4.623	Fetal_Muscle_Upper_Trunk	Fetal Muscle	UW.Fetal_Muscle_Upper_Trunk.ChromatinAccessibility.H-23887.DS17664.twopass.merge150.wgt10.zgt2.wig	rs11001819,rs11172113,rs12477314,rs1529672,rs1928168,rs2284746,rs2798641,rs3817928,rs4129267,rs7068966,rs993925	205	GSM774218
0.818	Fetal_Placenta	Fetal Placenta	UW.Fetal_Placenta.ChromatinAccessibility.H-23887.DS17639.twopass.merge150.wgt10.zgt2.wig	rs10516526,rs11172113,rs1529672,rs2284746,rs2798641,rs7068966	206	GSM774215
-0.024	Fetal_Placenta	Fetal Placenta	UW.Fetal_Placenta.ChromatinAccessibility.H-23914.DS17744.twopass.merge150.wgt10.zgt2.wig	rs11172113,rs1529672,rs7068966	207	GSM774219
2.365	Fetal_Placenta	Fetal Placenta	UW.Fetal_Placenta.ChromatinAccessibility.H-24272.DS19391.twopass.merge150.wgt10.zgt2.wig	rs10516526,rs11172113,rs1529672,rs2284746,rs2798641,rs4129267,rs7068966	208	GSM817219
0.461	Fetal_Placenta	Fetal Placenta	UW.Fetal_Placenta.ChromatinAccessibility.H-24409.DS20346.twopass.merge150.wgt10.zgt2.wig	rs11172113,rs1529672,rs3734729,rs7068966	209	GSM878659
2.766	Fetal_Renal_Cortex_Left	Fetal Renal Cortex	UW.Fetal_Renal_Cortex_Left.ChromatinAccessibility.H-23871.DS17550.twopass.merge150.wgt10.zgt2.wig	rs11001819,rs12477314,rs1344555,rs2284746,rs2798641,rs3734729,rs6903823,rs730532,rs9310995	210	GSM701519
0.780	Fetal_Renal_Cortex_Left	Fetal Renal Cortex	UW.Fetal_Renal_Cortex_Left.ChromatinAccessibility.H-24111.DS18542.twopass.merge150.wgt10.zgt2.wig	rs11172113,rs12477314,rs2284746,rs2798641,rs3734729,rs730532	211	GSM817190
1.275	Fetal_Renal_Cortex_Left	Fetal Renal Cortex	UW.Fetal_Renal_Cortex_Left.ChromatinAccessibility.H-24169.DS18931.twopass.merge150.wgt10.zgt2.wig	rs12477314,rs2284746,rs2798641,rs3734729,rs9978142	212	GSM817203
2.380	Fetal_Renal_Cortex_Left	Fetal Renal Cortex	UW.Fetal_Renal_Cortex_Left.ChromatinAccessibility.H-24232.DS19257.twopass.merge150.wgt10.zgt2.wig	rs10516526,rs11001819,rs11172113,rs12477314,rs2284746,rs2798641,rs3734729,rs3820928,rs730532	213	GSM817211
1.496	Fetal_Renal_Cortex_Right	Fetal Renal Cortex	UW.Fetal_Renal_Cortex_Right.ChromatinAccessibility.H-23871.DS17545.twopass.merge150.wgt10.zgt2.wig	rs11001819,rs12477314,rs1551943,rs2284746,rs2798641,rs3734729,rs730532	214	GSM701517
2.443	Fetal_Renal_Cortex_Right	Fetal Renal Cortex	UW.Fetal_Renal_Cortex_Right.ChromatinAccessibility.H-24169.DS18928.twopass.merge150.wgt10.zgt2.wig	rs11172113,rs12477314,rs2284746,rs2798641,rs3734729,rs3820928,rs4129267,rs9310995	215	GSM817202
2.348	Fetal_Renal_Cortex_Right	Fetal Renal Cortex	UW.Fetal_Renal_Cortex_Right.ChromatinAccessibility.H-24232.DS19254.twopass.merge150.wgt10.zgt2.wig	rs11172113,rs12477314,rs1529672,rs2284746,rs2798641,rs3734729,rs3820928,rs730532	216	GSM817210
1.914	Fetal_Renal_Cortex	Fetal Renal Cortex	UW.Fetal_Renal_Cortex.ChromatinAccessibility.H-23769.DS17307.twopass.merge150.wgt10.zgt2.wig	rs11172113,rs12477314,rs1541374,rs2284746,rs2798641,rs3734729,rs730532	217	GSM701494
1.591	Fetal_Renal_Cortex	Fetal Renal Cortex	UW.Fetal_Renal_Cortex.ChromatinAccessibility.H-23790.DS17387.twopass.merge150.wgt10.zgt2.wig	rs11172113,rs12477314,rs2284746,rs2798641,rs7068966,rs730532	218	GSM701502
1.972	Fetal_Renal_Cortex	Fetal Renal Cortex	UW.Fetal_Renal_Cortex.ChromatinAccessibility.H-23833.DS17455.twopass.merge150.wgt10.zgt2.wig	rs10516526,rs11172113,rs12477314,rs2284746,rs2798641,rs3734729,rs3820928	219	GSM701511
1.423	Fetal_Renal_Cortex	Fetal Renal Cortex	UW.Fetal_Renal_Cortex.ChromatinAccessibility.H-23914.DS17756.twopass.merge150.wgt10.zgt2.wig	rs12477314,rs1551943,rs2284746,rs2798641,rs3734729	220	GSM701529
2.148	Fetal_Renal_Cortex	Fetal Renal Cortex	UW.Fetal_Renal_Cortex.ChromatinAccessibility.H-23941.DS17804.twopass.merge150.wgt10.zgt2.wig	rs11172113,rs12477314,rs2284746,rs2798641,rs3734729,rs3820928,rs993925	221	GSM701532
2.529	Fetal_Renal_Cortex	Fetal Renal Cortex	UW.Fetal_Renal_Cortex.ChromatinAccessibility.H-24078.DS18428.twopass.merge150.wgt10.zgt2.wig	rs11001819,rs12477314,rs1529672,rs1541374,rs2284746,rs2798641,rs3820928,rs9310995	222	GSM817176
1.978	Fetal_Renal_Cortex	Fetal Renal Cortex	UW.Fetal_Renal_Cortex.ChromatinAccessibility.H-24259.DS19388.twopass.merge150.wgt10.zgt2.wig	rs11172113,rs12477314,rs2284746,rs2798641,rs3820928,rs730532	223	GSM878629
0.798	Fetal_Renal_Cortex	Fetal Renal Cortex	UW.Fetal_Renal_Cortex.ChromatinAccessibility.H-24493.DS20568.twopass.merge150.wgt10.zgt2.wig	rs11172113,rs12477314,rs2284746,rs2798641,rs3820928	224	GSM878667
2.251	Fetal_Renal_Pelvis_Left	Fetal Renal Pelvis	UW.Fetal_Renal_Pelvis_Left.ChromatinAccessibility.H-23871.DS17553.twopass.merge150.wgt10.zgt2.wig	rs11172113,rs12477314,rs2284746,rs2798641,rs3734729,rs6903823,rs730532,rs9310995	225	GSM701520
2.107	Fetal_Renal_Pelvis_Left	Fetal Renal Pelvis	UW.Fetal_Renal_Pelvis_Left.ChromatinAccessibility.H-24111.DS18666.twopass.merge150.wgt10.zgt2.wig	rs12477314,rs2284746,rs2798641,rs3734729,rs7068966,rs9978142	226	GSM817193
1.211	Fetal_Renal_Pelvis_Left	Fetal Renal Pelvis	UW.Fetal_Renal_Pelvis_Left.ChromatinAccessibility.H-24169.DS18964.twopass.merge150.wgt10.zgt2.wig	rs12477314,rs2284746,rs2798641,rs3820928,rs730532	227	GSM817205
2.573	Fetal_Renal_Pelvis_Left	Fetal Renal Pelvis	UW.Fetal_Renal_Pelvis_Left.ChromatinAccessibility.H-24232.DS19238.twopass.merge150.wgt10.zgt2.wig	rs10516526,rs12477314,rs2284746,rs2798641,rs3734729,rs3820928,rs7068966,rs730532	228	GSM817209
1.137	Fetal_Renal_Pelvis_Right	Fetal Renal Pelvis	UW.Fetal_Renal_Pelvis_Right.ChromatinAccessibility.H-23871.DS17548.twopass.merge150.wgt10.zgt2.wig	rs12477314,rs1529672,rs2284746,rs2798641,rs3820928,rs730532	229	GSM701518
2.621	Fetal_Renal_Pelvis_Right	Fetal Renal Pelvis	UW.Fetal_Renal_Pelvis_Right.ChromatinAccessibility.H-24111.DS18663.twopass.merge150.wgt10.zgt2.wig	rs11172113,rs12477314,rs2284746,rs2798641,rs3734729,rs4129267,rs730532,rs993925	230	GSM817192
-0.113	Fetal_Renal_Pelvis_Right	Fetal Renal Pelvis	UW.Fetal_Renal_Pelvis_Right.ChromatinAccessibility.H-24169.DS18961.twopass.merge150.wgt10.zgt2.wig	rs12477314,rs2284746,rs2798641	231	GSM817204
1.248	Fetal_Renal_Pelvis_Right	Fetal Renal Pelvis	UW.Fetal_Renal_Pelvis_Right.ChromatinAccessibility.H-24232.DS19235.twopass.merge150.wgt10.zgt2.wig	rs12477314,rs2284746,rs2798641,rs3734729,rs730532	232	GSM817208
3.286	Fetal_Renal_Pelvis	Fetal Renal Pelvis	UW.Fetal_Renal_Pelvis.ChromatinAccessibility.H-23790.DS17381.twopass.merge150.wgt10.zgt2.wig	rs10516526,rs11172113,rs12477314,rs1541374,rs2284746,rs2798641,rs3820928,rs4129267,rs730532	233	GSM701501
1.389	Fetal_Renal_Pelvis	Fetal Renal Pelvis	UW.Fetal_Renal_Pelvis.ChromatinAccessibility.H-23833.DS17451.twopass.merge150.wgt10.zgt2.wig	rs11172113,rs12477314,rs2284746,rs2798641,rs7068966,rs730532	234	GSM701510
0.833	Fetal_Renal_Pelvis	Fetal Renal Pelvis	UW.Fetal_Renal_Pelvis.ChromatinAccessibility.H-23914.DS17760.twopass.merge150.wgt10.zgt2.wig	rs11172113,rs12477314,rs1529672,rs2284746,rs2798641	235	GSM774222
1.868	Fetal_Renal_Pelvis	Fetal Renal Pelvis	UW.Fetal_Renal_Pelvis.ChromatinAccessibility.H-24005.DS18088.twopass.merge150.wgt10.zgt2.wig	rs12477314,rs1928168,rs2284746,rs2798641,rs4129267	236	GSM774236
1.444	Fetal_Renal_Pelvis	Fetal Renal Pelvis	UW.Fetal_Renal_Pelvis.ChromatinAccessibility.H-24078.DS18431.twopass.merge150.wgt10.zgt2.wig	rs11001819,rs12477314,rs2284746,rs2798641,rs6903823,rs730532	237	GSM817177
2.162	Fetal_Renal_Pelvis	Fetal Renal Pelvis	UW.Fetal_Renal_Pelvis.ChromatinAccessibility.H-24259.DS19386.twopass.merge150.wgt10.zgt2.wig	rs12477314,rs2284746,rs2798641,rs3734729,rs4129267,rs730532,rs9310995	238	GSM817218
1.332	Fetal_Renal_Pelvis	Fetal Renal Pelvis	UW.Fetal_Renal_Pelvis.ChromatinAccessibility.H-24477.DS20448.twopass.merge150.wgt10.zgt2.wig	rs11172113,rs12477314,rs2284746,rs2798641,rs3734729,rs730532,rs9310995	239	GSM878662
1.658	Fetal_Skin	Fetal Skin	UW.Fetal_Skin.ChromatinAccessibility.H-22337.DS10987.twopass.merge150.wgt10.zgt2.wig	rs12477314,rs2284746,rs2798641,rs357394,rs993925	240	GSM817158
2.006	Fetal_Spinal_Cord	Fetal Spinal Cord	UW.Fetal_Spinal_Cord.ChromatinAccessibility.H-24111.DS18501.twopass.merge150.wgt10.zgt2.wig	rs11001819,rs11172113,rs1928168,rs2284746,rs2798641,rs4129267,rs7068966,rs730532,rs9978142	241	GSM817189
1.299	Fetal_Spinal_Cord	Fetal Spinal Cord	UW.Fetal_Spinal_Cord.ChromatinAccessibility.H-24409.DS20351.twopass.merge150.wgt10.zgt2.wig	rs11001819,rs11172113,rs2284746,rs2798641,rs6903823,rs7068966	242	GSM878661
0.888	Fetal_Spinal_Cord	Fetal Spinal Cord	UW.Fetal_Spinal_Cord.ChromatinAccessibility.H-24493.DS20530.twopass.merge150.wgt10.zgt2.wig	rs11001819,rs12477314,rs2798641,rs4129267,rs730532	243	GSM878663
-0.228	Fetal_Spleen	Fetal Spleen	UW.Fetal_Spleen.ChromatinAccessibility.H-23399.DS17448.twopass.merge150.wgt10.zgt2.wig	rs11001819,rs2798641,rs3820928	244	GSM701509
-0.143	Fetal_Stomach	Fetal Stomach	UW.Fetal_Stomach.ChromatinAccessibility.H-23589.DS16530.twopass.merge150.wgt10.zgt2.wig	rs2284746,rs2798641,rs7068966	245	GSM774202
2.016	Fetal_Stomach	Fetal Stomach	UW.Fetal_Stomach.ChromatinAccessibility.H-23758.DS17172.twopass.merge150.wgt10.zgt2.wig	rs10516526,rs1928168,rs2284746,rs2798641,rs6903823,rs7068966	246	GSM774212
-0.145	Fetal_Stomach	Fetal Stomach	UW.Fetal_Stomach.ChromatinAccessibility.H-23769.DS17325.twopass.merge150.wgt10.zgt2.wig	rs11172113,rs2284746	247	GSM701498
2.490	Fetal_Stomach	Fetal Stomach	UW.Fetal_Stomach.ChromatinAccessibility.H-23887.DS17659.twopass.merge150.wgt10.zgt2.wig	rs10516526,rs12477314,rs2284746,rs2798641,rs7068966,rs730532	248	GSM701521
2.173	Fetal_Stomach	Fetal Stomach	UW.Fetal_Stomach.ChromatinAccessibility.H-23914.DS17750.twopass.merge150.wgt10.zgt2.wig	rs10516526,rs12477314,rs2284746,rs2798641,rs7068966	249	GSM701528
4.067	Fetal_Stomach	Fetal Stomach	UW.Fetal_Stomach.ChromatinAccessibility.H-23964.DS17878.twopass.merge150.wgt10.zgt2.wig	rs10516526,rs11172113,rs12477314,rs1928168,rs1980057,rs2284746,rs2798641,rs4129267,rs7068966,rs730532	250	GSM701538
2.216	Fetal_Stomach	Fetal Stomach	UW.Fetal_Stomach.ChromatinAccessibility.H-24005.DS17963.twopass.merge150.wgt10.zgt2.wig	rs10516526,rs12477314,rs1928168,rs2284746,rs2798641,rs6903823,rs7068966	251	GSM774232
0.958	Fetal_Stomach	Fetal Stomach	UW.Fetal_Stomach.ChromatinAccessibility.H-24078.DS18389.twopass.merge150.wgt10.zgt2.wig	rs12477314,rs2284746,rs4129267,rs6903823,rs7068966	252	GSM817173
1.670	Fetal_Stomach	Fetal Stomach	UW.Fetal_Stomach.ChromatinAccessibility.H-24125.DS18821.twopass.merge150.wgt10.zgt2.wig	rs10516526,rs12477314,rs2284746,rs2798641,rs7068966,rs730532	253	GSM817199
1.935	Fetal_Stomach	Fetal Stomach	UW.Fetal_Stomach.ChromatinAccessibility.H-24401.DS20349.twopass.merge150.wgt10.zgt2.wig	rs10516526,rs12477314,rs2284746,rs2798641,rs6903823,rs7068966,rs730532	254	GSM878660
2.337	Fetal_Stomach	Fetal Stomach	UW.Fetal_Stomach.ChromatinAccessibility.H-24507.DS20546.twopass.merge150.wgt10.zgt2.wig	rs10516526,rs12477314,rs1928168,rs2284746,rs2798641,rs7068966,rs730532	255	GSM878665
2.510	Fetal_Testes	Fetal Testes	UW.Fetal_Testes.ChromatinAccessibility.H24198_H23640_H24042.DS18942.twopass.merge150.wgt10.zgt2.wig	rs11001819,rs11172113,rs1980057,rs2284746,rs2798641,rs2865531,rs3820928,rs730532	256	GSM878617
1.265	Fetal_Thymus	Fetal Thymus	UW.Fetal_Thymus.ChromatinAccessibility.H-23589.DS16490.twopass.merge150.wgt10.zgt2.wig	rs1928168,rs2284746,rs2798641,rs3820928,rs7068966	257	GSM665823
0.189	Fetal_Thymus	Fetal Thymus	UW.Fetal_Thymus.ChromatinAccessibility.H-23663.DS16841.twopass.merge150.wgt10.zgt2.wig	rs12447804,rs2284746,rs2798641	258	GSM774204
-0.822	Fetal_Thymus	Fetal Thymus	UW.Fetal_Thymus.ChromatinAccessibility.H-23769.DS17323.twopass.merge150.wgt10.zgt2.wig	rs2284746	259	GSM701497
1.021	Fetal_Thymus	Fetal Thymus	UW.Fetal_Thymus.ChromatinAccessibility.H-23833.DS17474.twopass.merge150.wgt10.zgt2.wig	rs12716852,rs1344555,rs1980057,rs2284746,rs6903823	260	GSM701513
1.427	Fetal_Thymus	Fetal Thymus	UW.Fetal_Thymus.ChromatinAccessibility.H-23964.DS17875.twopass.merge150.wgt10.zgt2.wig	rs2284746,rs2798641,rs3820928,rs7068966	261	GSM701537
0.265	Fetal_Thymus	Fetal Thymus	UW.Fetal_Thymus.ChromatinAccessibility.H-23964.DS17876.twopass.merge150.wgt10.zgt2.wig	rs2284746,rs2798641,rs3820928,rs6903823	262	GSM774230
1.674	Fetal_Thymus	Fetal Thymus	UW.Fetal_Thymus.ChromatinAccessibility.H-24078.DS18382.twopass.merge150.wgt10.zgt2.wig	rs12447804,rs1551943,rs2284746,rs3820928,rs4129267,rs6903823,rs7068966	263	GSM817172
1.745	Fetal_Thymus	Fetal Thymus	UW.Fetal_Thymus.ChromatinAccessibility.H-24259.DS19287.twopass.merge150.wgt10.zgt2.wig	rs11001819,rs11172113,rs2284746,rs2798641,rs4129267	264	GSM878627
1.384	Fetal_Thymus	Fetal Thymus	UW.Fetal_Thymus.ChromatinAccessibility.H-24401.DS20335.twopass.merge150.wgt10.zgt2.wig	rs2284746,rs2798641,rs3820928,rs7068966	265	GSM878656
2.031	Fetal_Thymus	Fetal Thymus	UW.Fetal_Thymus.ChromatinAccessibility.H-24409.DS20341.twopass.merge150.wgt10.zgt2.wig	rs2284746,rs2798641,rs3820928,rs7068966,rs730532	266	GSM878657
2.226	Fibroblasts_Fetal_Skin_Abdomen	Fibroblast	UW.Fibroblasts_Fetal_Skin_Abdomen.ChromatinAccessibility.H-24259.DS19558.twopass.merge150.wgt10.zgt2.wig	rs11172113,rs12477314,rs1529672,rs2284746,rs4129267,rs730532	267	GSM878635
1.645	Fibroblasts_Fetal_Skin_Abdomen	Fibroblast	UW.Fibroblasts_Fetal_Skin_Abdomen.ChromatinAccessibility.H-24259.DS19561.twopass.merge150.wgt10.zgt2.wig	rs11172113,rs12477314,rs2284746,rs4129267,rs730532	268	GSM878636
3.727	Fibroblasts_Fetal_Skin_Back	Fibroblast	UW.Fibroblasts_Fetal_Skin_Back.ChromatinAccessibility.H-24218.DS19233.twopass.merge150.wgt10.zgt2.wig	rs11172113,rs1529672,rs1980057,rs2284746,rs4129267,rs7068966,rs730532	269	GSM878624
2.694	Fibroblasts_Fetal_Skin_Biceps_Left	Fibroblast	UW.Fibroblasts_Fetal_Skin_Biceps_Left.ChromatinAccessibility.H-24259.DS19857.twopass.merge150.wgt10.zgt2.wig	rs11172113,rs12477314,rs1529672,rs2284746,rs4129267,rs730532	270	GSM878644
2.780	Fibroblasts_Fetal_Skin_Biceps_Left	Fibroblast	UW.Fibroblasts_Fetal_Skin_Biceps_Left.ChromatinAccessibility.H-24259.DS19867.twopass.merge150.wgt10.zgt2.wig	rs11172113,rs12477314,rs1529672,rs2284746,rs4129267,rs730532	271	GSM878645
2.857	Fibroblasts_Fetal_Skin_Biceps_Right	Fibroblast	UW.Fibroblasts_Fetal_Skin_Biceps_Right.ChromatinAccessibility.H-24259.DS19745.twopass.merge150.wgt10.zgt2.wig	rs11172113,rs12477314,rs1529672,rs2284746,rs4129267,rs730532	272	GSM878642
2.992	Fibroblasts_Fetal_Skin_Biceps_Right	Fibroblast	UW.Fibroblasts_Fetal_Skin_Biceps_Right.ChromatinAccessibility.H-24259.DS19761.twopass.merge150.wgt10.zgt2.wig	rs11172113,rs12477314,rs1529672,rs2284746,rs4129267,rs730532	273	GSM878643
2.160	Fibroblasts_Fetal_Skin_Quadriceps_Left	Fibroblast	UW.Fibroblasts_Fetal_Skin_Quadriceps_Left.ChromatinAccessibility.H-24259.DS20046.twopass.merge150.wgt10.zgt2.wig	rs11172113,rs12477314,rs2284746,rs4129267,rs730532,rs993925	274	GSM878648
1.626	Fibroblasts_Fetal_Skin_Quadriceps_Left	Fibroblast	UW.Fibroblasts_Fetal_Skin_Quadriceps_Left.ChromatinAccessibility.H-24259.DS20056.twopass.merge150.wgt10.zgt2.wig	rs11172113,rs12477314,rs2284746,rs4129267,rs730532	275	GSM878649
2.099	Fibroblasts_Fetal_Skin_Quadriceps_Right	Fibroblast	UW.Fibroblasts_Fetal_Skin_Quadriceps_Right.ChromatinAccessibility.H-24259.DS19943.twopass.merge150.wgt10.zgt2.wig	rs11172113,rs12477314,rs2284746,rs4129267,rs730532	276	GSM878646
2.401	Fibroblasts_Fetal_Skin_Quadriceps_Right	Fibroblast	UW.Fibroblasts_Fetal_Skin_Quadriceps_Right.ChromatinAccessibility.H-24259.DS19948.twopass.merge150.wgt10.zgt2.wig	rs11172113,rs12477314,rs2284746,rs3817928,rs4129267,rs730532	277	GSM878647
2.613	Fibroblasts_Fetal_Skin_Scalp	Fibroblast	UW.Fibroblasts_Fetal_Skin_Scalp.ChromatinAccessibility.H-24259.DS19444.twopass.merge150.wgt10.zgt2.wig	rs11172113,rs1980057,rs2284746,rs4129267,rs730532	278	GSM878633
3.371	Fibroblasts_Fetal_Skin_Scalp	Fibroblast	UW.Fibroblasts_Fetal_Skin_Scalp.ChromatinAccessibility.H-24259.DS19449.twopass.merge150.wgt10.zgt2.wig	rs11172113,rs1529672,rs1980057,rs2284746,rs4129267,rs730532	279	GSM878634
2.397	Fibroblasts_Fetal_Skin_Upper_Back	Fibroblast	UW.Fibroblasts_Fetal_Skin_Upper_Back.ChromatinAccessibility.H-24259.DS19696.twopass.merge150.wgt10.zgt2.wig	rs11172113,rs12477314,rs1551943,rs2284746,rs4129267,rs730532	280	GSM878640
2.080	Fibroblasts_Fetal_Skin_Upper_Back	Fibroblast	UW.Fibroblasts_Fetal_Skin_Upper_Back.ChromatinAccessibility.H-24259.DS19706.twopass.merge150.wgt10.zgt2.wig	rs11172113,rs12477314,rs1529672,rs2284746,rs4129267,rs730532	281	GSM878641
3.778	Penis_Foreskin_Fibroblast	Fibroblast	UW.Penis_Foreskin_Fibroblast_Primary_Cells.ChromatinAccessibility.skin01.DS18224.twopass.merge150.wgt10.zgt2.wig	rs1036429,rs11172113,rs12477314,rs1551943,rs2284746,rs2798641,rs3820928,rs4129267,rs6903823,rs730532,rs993925	282	GSM774240
3.016	Penis_Foreskin_Fibroblast	Fibroblast	UW.Penis_Foreskin_Fibroblast_Primary_Cells.ChromatinAccessibility.skin01.DS18229.twopass.merge150.wgt10.zgt2.wig	rs11172113,rs12447804,rs12477314,rs1551943,rs2284746,rs2798641,rs3817928,rs4129267,rs730532	283	GSM774241
2.335	Penis_Foreskin_Fibroblast	Fibroblast	UW.Penis_Foreskin_Fibroblast_Primary_Cells.ChromatinAccessibility.skin02.DS18252.twopass.merge150.wgt10.zgt2.wig	rs11172113,rs12477314,rs2284746,rs2798641,rs4129267,rs730532	284	GSM817169
3.545	Penis_Foreskin_Fibroblast	Fibroblast	UW.Penis_Foreskin_Fibroblast_Primary_Cells.ChromatinAccessibility.skin02.DS18256.twopass.merge150.wgt10.zgt2.wig	rs11172113,rs12477314,rs2284746,rs2798641,rs4129267,rs6903823,rs730532,rs993925	285	GSM817170
0.453	iPS_DF_4.7	IPS cell	UW.iPS_DF_4.7.ChromatinAccessibility.DS15169.twopass.merge150.wgt10.zgt2.wig	rs10516526,rs11172113,rs2284746	286	GSM665803
0.164	iPS_DF_6.9	IPS cell	UW.iPS_DF_6.9.ChromatinAccessibility.DS15164.twopass.merge150.wgt10.zgt2.wig	rs10516526,rs11172113,rs2284746	287	GSM665802
0.747	iPS_DF_19.7	IPS cell	UW.iPS_DF_19.7.ChromatinAccessibility.DS15148.twopass.merge150.wgt10.zgt2.wig	rs10516526,rs11172113,rs2284746	288	GSM665800
0.327	iPS_DF_19.11	IPS cell	UW.iPS_DF_19.11.ChromatinAccessibility.DS15153.twopass.merge150.wgt10.zgt2.wig	rs10516526,rs11172113,rs2284746	289	GSM665801
4.138	IMR90	Lung	UW.IMR90.ChromatinAccessibility.DS11759.twopass.merge150.wgt10.zgt2.wig	rs11172113,rs12477314,rs1928168,rs2284746,rs2798641,rs4129267,rs6903823,rs7068966,rs730532	290	GSM468792
1.784	IMR90	Lung	UW.IMR90.ChromatinAccessibility.DS11764.twopass.merge150.wgt10.zgt2.wig	rs12477314,rs1928168,rs2284746,rs7068966,rs730532	291	GSM468801
4.422	IMR90	Lung	UW.IMR90.ChromatinAccessibility.DS13219.twopass.merge150.wgt10.zgt2.wig	rs11172113,rs12477314,rs1928168,rs2284746,rs2798641,rs3817928,rs4129267,rs7068966,rs730532,rs993925	292	GSM530665
3.898	IMR90	Lung	UW.IMR90.ChromatinAccessibility.DS13229.twopass.merge150.wgt10.zgt2.wig	rs12477314,rs1928168,rs2284746,rs2798641,rs4129267,rs6903823,rs7068966,rs730532	293	GSM530666
1.763	Penis_Foreskin_Keratinocyte	Skin	UW.Penis_Foreskin_Keratinocyte_Primary_Cells.ChromatinAccessibility.skin01.DS18692.twopass.merge150.wgt10.zgt2.wig	rs1551943,rs2284746,rs2798641,rs4129267,rs6903823,rs9978142	294	GSM817194
1.425	Penis_Foreskin_Keratinocyte	Skin	UW.Penis_Foreskin_Keratinocyte_Primary_Cells.ChromatinAccessibility.skin01.DS18695.twopass.merge150.wgt10.zgt2.wig	rs1551943,rs2798641,rs4129267,rs6903823,rs9978142	295	GSM817195
2.951	Penis_Foreskin_Keratinocyte	Skin	UW.Penis_Foreskin_Keratinocyte_Primary_Cells.ChromatinAccessibility.skin02.DS18714.twopass.merge150.wgt10.zgt2.wig	rs1551943,rs2284746,rs4129267,rs6903823,rs7068966,rs730532,rs9978142	296	GSM817196
1.523	Penis_Foreskin_Keratinocyte	Skin	UW.Penis_Foreskin_Keratinocyte_Primary_Cells.ChromatinAccessibility.skin02.DS18718.twopass.merge150.wgt10.zgt2.wig	rs2284746,rs2798641,rs4129267,rs6903823,rs9978142	297	GSM817197
-0.402	Penis_Foreskin_Melanocyte	Skin	UW.Penis_Foreskin_Melanocyte_Primary_Cells.ChromatinAccessibility.skin01.DS18590.twopass.merge150.wgt10.zgt2.wig	rs10516526,rs2284746	298	GSM774243
1.564	Penis_Foreskin_Melanocyte	Skin	UW.Penis_Foreskin_Melanocyte_Primary_Cells.ChromatinAccessibility.skin01.DS18601.twopass.merge150.wgt10.zgt2.wig	rs10516526,rs11001819,rs11172113,rs2284746,rs4129267,rs993925	299	GSM774244
